기업명,인증연도,리콜종류,label
신지모루,2024.0,자발적리콜,
휴리엔,2024.0,자발적리콜,
MTDProductsInc.,2024.0,자발적리콜,
산바다스포츠,2024.0,자발적리콜,
산바다스포츠,2019.0,자발적리콜,
산바다스포츠,2017.0,자발적리콜,
하츠,2024.0,자발적리콜,
에스알산전,2024.0,명령에따른리콜,
디에스이,2024.0,명령에따른리콜,
디에스이,2015.0,명령에따른리콜,
(유)우전케이블,2024.0,명령에따른리콜,
에쎔,2024.0,명령에따른리콜,
진흥전기,2024.0,명령에따른리콜,
유성화학,2024.0,명령에따른리콜,
광명전기(제품표시:마노테크),2024.0,명령에따른리콜,
더모운,2024.0,명령에따른리콜,
픽스산업,2024.0,명령에따른리콜,
유지(제품표시:유건인더스트리),2024.0,명령에따른리콜,
오아,2024.0,명령에따른리콜,
오아,2022.0,명령에따른리콜,
유니맥스이엔엘,2024.0,명령에따른리콜,
유니맥스이엔엘,2020.0,명령에따른리콜,
유니맥스이엔엘,2019.0,명령에따른리콜,
유니맥스이엔엘,2017.0,명령에따른리콜,
유니맥스이엔엘,2016.0,명령에따른리콜,
유니맥스이엔엘,2016.0,명령에따른리콜,
룩스램(판매원),2024.0,명령에따른리콜,
대양케이스,2024.0,명령에따른리콜,
이도디스플레이,2024.0,명령에따른리콜,
이도디스플레이,2018.0,명령에따른리콜,
원대로인터내셔널,2024.0,명령에따른리콜,
다빈치바이씨클,2024.0,명령에따른리콜,
제이원팩토리,2024.0,명령에따른리콜,
바이클로,2024.0,명령에따른리콜,
나스포,2024.0,명령에따른리콜,
디자인쁘렝땅,2024.0,명령에따른리콜,
글로벌SC,2024.0,명령에따른리콜,
유미상사,2024.0,명령에따른리콜,
유미상사,2017.0,명령에따른리콜,
다다,2024.0,명령에따른리콜,
다다,2018.0,명령에따른리콜,
다다,2018.0,명령에따른리콜,
모닝글로리,2024.0,명령에따른리콜,
모닝글로리,2022.0,명령에따른리콜,
모닝글로리,2017.0,명령에따른리콜,
하루하이,2024.0,명령에따른리콜,
모모,2024.0,명령에따른리콜,
모모,2018.0,명령에따른리콜,
팝콘F&T,2024.0,명령에따른리콜,
팝콘F&T,2021.0,명령에따른리콜,
팝콘F&T,2019.0,명령에따른리콜,
라페,2024.0,명령에따른리콜,
라페,2016.0,명령에따른리콜,
저장일정문화용품유한회사,2024.0,명령에따른리콜,
유연아이웨어,2024.0,명령에따른리콜,
아이공간,2024.0,명령에따른리콜,
제이모션,2024.0,명령에따른리콜,
다온인터내셔널,2024.0,명령에따른리콜,
더그로우,2024.0,명령에따른리콜,
더그로우,2023.0,명령에따른리콜,
더그로우,2023.0,명령에따른리콜,
더그로우,2022.0,명령에따른리콜,
더그로우,2021.0,명령에따른리콜,
더그로우,2021.0,명령에따른리콜,
더그로우,2020.0,명령에따른리콜,
린백,2024.0,명령에따른리콜,
이토르,2024.0,명령에따른리콜,
이토르,2022.0,명령에따른리콜,
이토르,2022.0,명령에따른리콜,
이토르,2021.0,명령에따른리콜,
소나코리아,2024.0,명령에따른리콜,
소나코리아,2023.0,명령에따른리콜,
빅트리,2024.0,명령에따른리콜,
빅트리,2018.0,명령에따른리콜,
Tree,2024.0,명령에따른리콜,
유한회사영스커머스,2024.0,명령에따른리콜,
새실텍스피아,2024.0,명령에따른리콜,
새실텍스피아,2020.0,명령에따른리콜,
야마하뮤직코리아,2024.0,자발적리콜,
야마하뮤직코리아,2020.0,자발적리콜,
이케아,2024.0,자발적리콜,
이케아,2023.0,자발적리콜,
이케아,2023.0,자발적리콜,
이케아,2023.0,자발적리콜,
이케아,2022.0,자발적리콜,
이케아,2019.0,자발적리콜,
이케아,2019.0,자발적리콜,
이케아,2018.0,자발적리콜,
이케아,2018.0,자발적리콜,
이케아,2018.0,자발적리콜,
이케아,2017.0,자발적리콜,
이케아,2016.0,자발적리콜,
이케아,2016.0,자발적리콜,
이케아,2016.0,자발적리콜,
이케아,2016.0,자발적리콜,
이케아,2016.0,자발적리콜,
이케아,2016.0,자발적리콜,
이케아,2016.0,자발적리콜,
이케아,2016.0,자발적리콜,
이케아,2016.0,자발적리콜,
이케아,2016.0,권고에따른리콜,
이케아,2016.0,권고에따른리콜,
이케아,2016.0,권고에따른리콜,
이케아,2016.0,권고에따른리콜,
이케아,2016.0,권고에따른리콜,
이케아,2016.0,권고에따른리콜,
이케아,2016.0,권고에따른리콜,
이케아,2016.0,권고에따른리콜,
이케아,2016.0,권고에따른리콜,
이케아,2016.0,권고에따른리콜,
이케아,2016.0,권고에따른리콜,
이케아,2016.0,권고에따른리콜,
이케아,2016.0,권고에따른리콜,
이케아,2016.0,권고에따른리콜,
이케아,2016.0,권고에따른리콜,
시디즈,2024.0,자발적리콜,
시디즈,2020.0,자발적리콜,
한일좋은자리,2023.0,명령에따른리콜,
한일좋은자리,2023.0,명령에따른리콜,
삼지아이티,2023.0,명령에따른리콜,
삼지아이티,2017.0,명령에따른리콜,
비스코엘이디조명,2023.0,명령에따른리콜,
비스코엘이디조명,2021.0,명령에따른리콜,
비스코엘이디조명,2020.0,명령에따른리콜,
비스코엘이디조명,2017.0,명령에따른리콜,
두웰플래닛,2023.0,명령에따른리콜,
비타그램(VitaGRAM),2023.0,명령에따른리콜,
아이룸코리아,2023.0,명령에따른리콜,
한일전기매트,2023.0,명령에따른리콜,
한일전기매트,2019.0,명령에따른리콜,
한일전기매트,2014.0,명령에따른리콜,
한일전기매트,2014.0,명령에따른리콜,
닥터서플라이,2023.0,명령에따른리콜,
대호플러스,2023.0,명령에따른리콜,
대호플러스,2020.0,명령에따른리콜,
대호플러스,2019.0,명령에따른리콜,
대호플러스,2016.0,명령에따른리콜,
대호플러스,2015.0,명령에따른리콜,
대호플러스,2015.0,명령에따른리콜,
대호플러스,2015.0,명령에따른리콜,
대호플러스,2014.0,명령에따른리콜,
대호플러스,2014.0,명령에따른리콜,
대호플러스,2013.0,자발적리콜,
한솔일렉트로닉스,2023.0,명령에따른리콜,
창영테크,2023.0,명령에따른리콜,
제이제이코리아,2023.0,명령에따른리콜,
프로텍메디칼,2023.0,명령에따른리콜,
프로텍메디칼,2020.0,명령에따른리콜,
프로텍메디칼,2018.0,명령에따른리콜,
프로텍메디칼,2018.0,명령에따른리콜,
프로텍메디칼,2017.0,명령에따른리콜,
프롬비,2023.0,명령에따른리콜,
프롬비,2022.0,명령에따른리콜,
샤프에너지테크,2023.0,명령에따른리콜,
이음전산,2023.0,명령에따른리콜,
이음전산,2017.0,명령에따른리콜,
코리아씨티씨,2023.0,명령에따른리콜,
코리아씨티씨,2016.0,자발적리콜,
코리아씨티씨,2016.0,자발적리콜,
코리아씨티씨,2016.0,자발적리콜,
코리아씨티씨,2016.0,자발적리콜,
코리아씨티씨,2016.0,자발적리콜,
두인,2023.0,명령에따른리콜,
안토니오,2023.0,명령에따른리콜,
아폴로산업,2023.0,명령에따른리콜,
토이코리아,2023.0,명령에따른리콜,
토이코리아,2021.0,명령에따른리콜,
이프론비즈,2023.0,명령에따른리콜,
우진테크,2023.0,명령에따른리콜,
우진테크,2022.0,명령에따른리콜,
우진테크,2020.0,명령에따른리콜,
우진테크,2019.0,명령에따른리콜,
우진테크,2019.0,명령에따른리콜,
우진테크,2015.0,명령에따른리콜,
우진테크,2014.0,명령에따른리콜,
카멜드코리아,2023.0,명령에따른리콜,
아론상사,2023.0,명령에따른리콜,
에브리휠,2023.0,명령에따른리콜,
아성에이치엠피,2023.0,명령에따른리콜,
아성에이치엠피,2020.0,자발적리콜,
아성에이치엠피,2020.0,명령에따른리콜,
아성에이치엠피,2018.0,명령에따른리콜,
유니콘,2023.0,명령에따른리콜,
미스티,2023.0,명령에따른리콜,
세주,2023.0,명령에따른리콜,
컴포인트,2023.0,명령에따른리콜,
컴포인트,2018.0,명령에따른리콜,
미리글로벌,2023.0,명령에따른리콜,
동심무역,2023.0,명령에따른리콜,
보스꼬,2023.0,명령에따른리콜,
케이엘뮤직코퍼레이션,2023.0,명령에따른리콜,
아트박스,2023.0,명령에따른리콜,
아트박스,2019.0,명령에따른리콜,
아트박스,2017.0,명령에따른리콜,
아트박스,2017.0,명령에따른리콜,
아트박스,2016.0,명령에따른리콜,
유아림,2023.0,명령에따른리콜,
유어체어스,2023.0,명령에따른리콜,
대영,2023.0,명령에따른리콜,
샘글로벌,2023.0,명령에따른리콜,
무한,2023.0,명령에따른리콜,
씨케이세일즈,2023.0,명령에따른리콜,
꼬맹이팩토리,2023.0,명령에따른리콜,
리파코,2023.0,명령에따른리콜,
리파코,2023.0,명령에따른리콜,
리파코,2023.0,명령에따른리콜,
와우트레이딩컴퍼니,2023.0,명령에따른리콜,
아이비케어,2023.0,자발적리콜,
현주무역,2023.0,자발적리콜,
나눅스네트웍스,2023.0,자발적리콜,
나눅스네트웍스,2021.0,자발적리콜,
나눅스네트웍스,2018.0,자발적리콜,
나눅스네트웍스,2017.0,자발적리콜,
아성,2023.0,자발적리콜,
아성,2021.0,명령에따른리콜,
아성,2019.0,명령에따른리콜,
바스존,2023.0,자발적리콜,
6형제바둑,2023.0,자발적리콜,
레이트,2023.0,명령에따른리콜,
쿠팡,2023.0,명령에따른리콜,
쿠팡,2023.0,명령에따른리콜,
인까사,2023.0,명령에따른리콜,
삼성에스티에스,2023.0,명령에따른리콜,
한유스포츠,2023.0,명령에따른리콜,
케어맥스,2023.0,명령에따른리콜,
라이더스타일,2023.0,명령에따른리콜,
지플러스,2023.0,명령에따른리콜,
대세엠.케어,2023.0,명령에따른리콜,
대세엠.케어,2022.0,명령에따른리콜,
대세엠.케어,2013.0,명령에따른리콜,
일상생활연구소,2023.0,명령에따른리콜,
써밋코퍼레이션,2023.0,명령에따른리콜,
레츠원,2023.0,명령에따른리콜,
명문인터내셔날,2023.0,명령에따른리콜,
보냄,2023.0,명령에따른리콜,
이노럭스,2023.0,명령에따른리콜,
로와로운컴퍼니,2023.0,명령에따른리콜,
이정가구,2023.0,명령에따른리콜,
홈앤픽,2023.0,명령에따른리콜,
홈앤픽,2023.0,명령에따른리콜,
마켓비,2023.0,명령에따른리콜,
마켓비,2019.0,명령에따른리콜,
이펙스,2023.0,명령에따른리콜,
이펙스,2023.0,명령에따른리콜,
모토벨로,2023.0,명령에따른리콜,
다음네트웍스,2023.0,명령에따른리콜,
다음네트웍스,2021.0,명령에따른리콜,
이홀딩스,2023.0,명령에따른리콜,
나노휠,2023.0,명령에따른리콜,
나노휠,2018.0,명령에따른리콜,
나노휠,2018.0,명령에따른리콜,
나노휠,2017.0,명령에따른리콜,
엔투셀,2023.0,명령에따른리콜,
수이스포츠,2023.0,명령에따른리콜,
베이비파크(cosomkorea),2023.0,명령에따른리콜,
비앤씨,2023.0,명령에따른리콜,
비앤씨,2022.0,명령에따른리콜,
비앤씨,2022.0,명령에따른리콜,
비앤씨,2021.0,명령에따른리콜,
비앤씨,2021.0,명령에따른리콜,
비앤씨,2021.0,명령에따른리콜,
비앤씨,2021.0,명령에따른리콜,
비앤씨,2020.0,명령에따른리콜,
비앤씨,2019.0,명령에따른리콜,
비앤씨,2018.0,명령에따른리콜,
비앤씨,2016.0,명령에따른리콜,
비앤씨,2016.0,명령에따른리콜,
동명,2023.0,명령에따른리콜,
동명,2022.0,명령에따른리콜,
동명,2020.0,명령에따른리콜,
토이플러스,2023.0,명령에따른리콜,
김군기획,2023.0,명령에따른리콜,
치프몰,2023.0,명령에따른리콜,
에스오엠,2023.0,명령에따른리콜,
비씨토이,2023.0,명령에따른리콜,
청춘,2023.0,명령에따른리콜,
나노코앤씨,2023.0,명령에따른리콜,
제이투스포츠,2023.0,명령에따른리콜,
제이투스포츠,2021.0,명령에따른리콜,
제이투스포츠,2018.0,명령에따른리콜,
오브맘코리아컴퍼니,2023.0,명령에따른리콜,
오브맘코리아컴퍼니,2020.0,명령에따른리콜,
꼬마꼬야,2023.0,명령에따른리콜,
베네베네,2023.0,명령에따른리콜,
거목인터내셔날,2023.0,명령에따른리콜,
거목인터내셔날,2021.0,명령에따른리콜,
엠베이비,2023.0,명령에따른리콜,
디자인블레스,2023.0,명령에따른리콜,
루나,2023.0,명령에따른리콜,
엑시코,2023.0,명령에따른리콜,
엑시코,2015.0,명령에따른리콜,
엑시코,2015.0,명령에따른리콜,
엑시코,2015.0,자발적리콜,
나라스포츠,2023.0,명령에따른리콜,
비유(BEEU),2023.0,명령에따른리콜,
허그미코리아,2023.0,명령에따른리콜,
트리즈,2023.0,명령에따른리콜,
트리즈,2023.0,명령에따른리콜,
트리즈,2023.0,명령에따른리콜,
체어스코,2023.0,명령에따른리콜,
유온디자인,2023.0,명령에따른리콜,
사운드트렌드,2023.0,명령에따른리콜,
코멕티엔씨,2023.0,명령에따른리콜,
콩디,2023.0,명령에따른리콜,
아이티티팩토리,2023.0,명령에따른리콜,
소소한빛,2023.0,명령에따른리콜,
이엔코리아,2023.0,명령에따른리콜,
위드네임,2023.0,명령에따른리콜,
송풍조명,2023.0,명령에따른리콜,
송풍조명,2021.0,명령에따른리콜,
서진전선,2023.0,명령에따른리콜,
한일테크,2023.0,명령에따른리콜,
한일테크,2020.0,명령에따른리콜,
한일테크,2018.0,명령에따른리콜,
한일테크,2017.0,명령에따른리콜,
성림GS,2023.0,명령에따른리콜,
성림GS,2022.0,명령에따른리콜,
성림GS,2017.0,명령에따른리콜,
국제산전,2023.0,명령에따른리콜,
이월드,2023.0,명령에따른리콜,
에스와이컨텍,2023.0,명령에따른리콜,
신성전기산업,2023.0,명령에따른리콜,
신성전기산업,2023.0,명령에따른리콜,
신성전기산업,2022.0,명령에따른리콜,
동양특수공구,2023.0,명령에따른리콜,
도경LED,2023.0,명령에따른리콜,
도경LED,2018.0,명령에따른리콜,
도경LED,2015.0,명령에따른리콜,
멘토,2023.0,명령에따른리콜,
에코아이,2023.0,명령에따른리콜,
에코아이,2017.0,명령에따른리콜,
에코아이,2015.0,자발적리콜,
대신전기산업,2023.0,명령에따른리콜,
대신전기산업,2018.0,명령에따른리콜,
카피어랜드,2023.0,명령에따른리콜,
카피어랜드,2021.0,자발적리콜,
한국레노버유한회사,2023.0,자발적리콜,
한국레노버유한회사,2018.0,자발적리콜,
한국레노버유한회사,2018.0,자발적리콜,
한국레노버유한회사,2015.0,자발적리콜,
한국레노버유한회사,2014.0,자발적리콜,
한국레노버유한회사,2014.0,자발적리콜,
더그레이문,2023.0,명령에따른리콜,
앤커이노베이션코리아,2023.0,자발적리콜,
구니카,2023.0,자발적리콜,
구니카,2020.0,자발적리콜,
부가부코리아,2023.0,자발적리콜,
부가부코리아,2013.0,자발적리콜,
H&M헤네스앤모리츠,2023.0,자발적리콜,
H&M헤네스앤모리츠,2014.0,자발적리콜,
레고랜드코리아유한회사,2023.0,명령에따른리콜,
아진통상,2023.0,명령에따른리콜,
굿데이즈,2023.0,명령에따른리콜,
이지아이온,2023.0,명령에따른리콜,
씨케이,2023.0,명령에따른리콜,
씨케이,2018.0,명령에따른리콜,
씨케이,2018.0,명령에따른리콜,
더조은,2023.0,명령에따른리콜,
시엘,2023.0,명령에따른리콜,
루미,2023.0,명령에따른리콜,
해락유한책임회사,2023.0,명령에따른리콜,
해락유한책임회사,2019.0,명령에따른리콜,
세파스,2023.0,자발적리콜,
세파스,2022.0,자발적리콜,
세파스,2021.0,자발적리콜,
세기에이치이,2023.0,자발적리콜,
세기에이치이,2019.0,자발적리콜,
세기에이치이,2018.0,자발적리콜,
하이얼전자판매,2023.0,자발적리콜,
피셔코리아,2023.0,자발적리콜,
미쉐린코리아,2023.0,자발적리콜,
좋은제이이시,2023.0,명령에따른리콜,
헬퍼몰,2023.0,명령에따른리콜,
투월드(TWOWORLD),2023.0,명령에따른리콜,
위드코리아,2023.0,명령에따른리콜,
디코커머스,2023.0,명령에따른리콜,
피플펫,2023.0,명령에따른리콜,
지오닉스스포츠,2023.0,명령에따른리콜,
지오닉스스포츠,2022.0,명령에따른리콜,
지오닉스스포츠,2020.0,명령에따른리콜,
에잇리젠드,2023.0,명령에따른리콜,
뉴월드토이,2023.0,명령에따른리콜,
뉴월드토이,2014.0,명령에따른리콜,
뉴월드토이,2014.0,명령에따른리콜,
유경산업,2023.0,명령에따른리콜,
토탈매트,2023.0,명령에따른리콜,
대승아이앤피,2023.0,명령에따른리콜,
매트랜드,2023.0,명령에따른리콜,
매트랜드,2021.0,명령에따른리콜,
우리STM,2023.0,명령에따른리콜,
우리STM,2022.0,명령에따른리콜,
우리STM,2022.0,명령에따른리콜,
라이카미,2023.0,명령에따른리콜,
엘스엘지티,2023.0,명령에따른리콜,
재미존,2023.0,명령에따른리콜,
재미존,2019.0,명령에따른리콜,
재미존,2018.0,명령에따른리콜,
재미존,2018.0,명령에따른리콜,
재미존,2018.0,명령에따른리콜,
파이,2023.0,명령에따른리콜,
비바스포츠,2023.0,명령에따른리콜,
비바스포츠,2021.0,명령에따른리콜,
비바스포츠,2018.0,명령에따른리콜,
토도리브로,2023.0,명령에따른리콜,
매직큐브,2023.0,명령에따른리콜,
한국교육시스템,2023.0,명령에따른리콜,
한국교육시스템,2021.0,명령에따른리콜,
한국교육시스템,2021.0,명령에따른리콜,
한국교육시스템,2018.0,명령에따른리콜,
한국교육시스템,2018.0,명령에따른리콜,
한국교육시스템,2018.0,명령에따른리콜,
한국교육시스템,2018.0,명령에따른리콜,
한국교육시스템,2018.0,명령에따른리콜,
한국교육시스템,2018.0,명령에따른리콜,
한국교육시스템,2018.0,명령에따른리콜,
한국교육시스템,2018.0,명령에따른리콜,
한국교육시스템,2012.0,자발적리콜,
학산문화사,2023.0,명령에따른리콜,
지오인포테크이노베이션,2023.0,명령에따른리콜,
알톤스포츠,2023.0,명령에따른리콜,
알톤스포츠,2023.0,자발적리콜,
알톤스포츠,2022.0,명령에따른리콜,
삼천리자전거,2023.0,명령에따른리콜,
삼천리자전거,2023.0,자발적리콜,
삼천리자전거,2022.0,명령에따른리콜,
삼천리자전거,2022.0,명령에따른리콜,
삼천리자전거,2022.0,명령에따른리콜,
삼천리자전거,2019.0,자발적리콜,
유아용품연구소,2023.0,명령에따른리콜,
이스터무역,2023.0,명령에따른리콜,
제이스타일코리아,2023.0,명령에따른리콜,
제이스타일코리아,2023.0,명령에따른리콜,
제이스타일코리아,2022.0,명령에따른리콜,
제이스타일코리아,2019.0,명령에따른리콜,
제이스타일코리아,2018.0,명령에따른리콜,
제이스타일코리아,2017.0,명령에따른리콜,
이랜드리테일,2023.0,명령에따른리콜,
이랜드리테일,2023.0,명령에따른리콜,
이랜드리테일,2021.0,명령에따른리콜,
이랜드리테일,2019.0,명령에따른리콜,
이랜드리테일,2018.0,명령에따른리콜,
이랜드리테일,2018.0,명령에따른리콜,
이랜드리테일,2017.0,명령에따른리콜,
이랜드리테일,2016.0,명령에따른리콜,
이랜드리테일,2015.0,명령에따른리콜,
이랜드리테일,2013.0,명령에따른리콜,
이랜드리테일,2013.0,명령에따른리콜,
엠케이(MK),2023.0,명령에따른리콜,
더블엔인터내셔널,2023.0,명령에따른리콜,
베이비잼,2023.0,명령에따른리콜,
루루슈,2023.0,명령에따른리콜,
루루슈,2021.0,명령에따른리콜,
비지코퍼레이션,2023.0,명령에따른리콜,
아이즈컴퍼니,2023.0,명령에따른리콜,
아이즈컴퍼니,2023.0,명령에따른리콜,
미리네스,2023.0,명령에따른리콜,
모아존,2023.0,명령에따른리콜,
보니하우스,2023.0,명령에따른리콜,
아이랜드,2023.0,명령에따른리콜,
비단길,2023.0,명령에따른리콜,
비단길,2022.0,명령에따른리콜,
에스와이엠코퍼레이션,2023.0,명령에따른리콜,
윙하우스,2023.0,명령에따른리콜,
윙하우스,2021.0,명령에따른리콜,
윙하우스,2021.0,명령에따른리콜,
윙하우스,2021.0,명령에따른리콜,
윙하우스,2021.0,명령에따른리콜,
윙하우스,2021.0,명령에따른리콜,
윙하우스,2020.0,명령에따른리콜,
윙하우스,2018.0,명령에따른리콜,
윙하우스,2016.0,명령에따른리콜,
윙하우스,2016.0,명령에따른리콜,
키즈스퀘어,2023.0,명령에따른리콜,
지오썬,2023.0,명령에따른리콜,
트로프스,2023.0,명령에따른리콜,
킹카스포츠,2023.0,명령에따른리콜,
킹카스포츠,2020.0,명령에따른리콜,
킹카스포츠,2015.0,명령에따른리콜,
킹카스포츠,2015.0,자발적리콜,
도현실업,2023.0,명령에따른리콜,
크리스탈하우스,2023.0,명령에따른리콜,
크리스탈하우스,2021.0,명령에따른리콜,
날씨요정,2023.0,명령에따른리콜,
제이에스글로벌,2023.0,명령에따른리콜,
로라랜드,2023.0,명령에따른리콜,
숀아이비엔엘,2023.0,명령에따른리콜,
한일공업,2023.0,명령에따른리콜,
한일공업,2022.0,명령에따른리콜,
한일공업,2019.0,명령에따른리콜,
한진종합전기,2023.0,명령에따른리콜,
한진종합전기,2017.0,명령에따른리콜,
INNOTECH(이노텍),2023.0,명령에따른리콜,
힉스코리아,2023.0,명령에따른리콜,
트렉바이시클코리아(유),2023.0,자발적리콜,
트렉바이시클코리아(유),2022.0,자발적리콜,
트렉바이시클코리아(유),2019.0,자발적리콜,
트렉바이시클코리아(유),2018.0,자발적리콜,
트렉바이시클코리아(유),2017.0,자발적리콜,
김&장법률사무소,2023.0,자발적리콜,
김&장법률사무소,2018.0,자발적리콜,
김&장법률사무소,2017.0,자발적리콜,
김&장법률사무소,2017.0,자발적리콜,
코리아보드게임즈,2023.0,자발적리콜,
코리아보드게임즈,2022.0,자발적리콜,
코리아보드게임즈,2021.0,자발적리콜,
코리아보드게임즈,2021.0,자발적리콜,
자라리테일코리아,2023.0,자발적리콜,
자라리테일코리아,2018.0,명령에따른리콜,
자라리테일코리아,2017.0,명령에따른리콜,
자라리테일코리아,2017.0,명령에따른리콜,
ShimanoEuropeB.V.(J.C.M.vanRooij),2023.0,자발적리콜,
쿠쿠전자,2023.0,자발적리콜,
쿠쿠전자,2021.0,자발적리콜,
퍼네스아웃도어,2023.0,명령에따른리콜,
아이지코리아,2023.0,명령에따른리콜,
천봉상사,2023.0,명령에따른리콜,
아크,2023.0,명령에따른리콜,
랜드웨이스포츠,2023.0,명령에따른리콜,
랜드웨이스포츠,2022.0,명령에따른리콜,
랜드웨이스포츠,2018.0,명령에따른리콜,
랜드웨이스포츠,2016.0,명령에따른리콜,
랜드웨이스포츠,2015.0,명령에따른리콜,
랜드웨이스포츠,2015.0,명령에따른리콜,
랜드웨이스포츠,2015.0,자발적리콜,
스튜디오삼익,2023.0,명령에따른리콜,
스튜디오삼익,2021.0,명령에따른리콜,
태윤인터내셔날,2023.0,명령에따른리콜,
위즈바움,2023.0,명령에따른리콜,
심우,2023.0,명령에따른리콜,
이호토디자인,2023.0,명령에따른리콜,
티에스티트레이딩,2023.0,명령에따른리콜,
티에스티트레이딩,2017.0,명령에따른리콜,
티에스티트레이딩,2015.0,명령에따른리콜,
이끌림,2023.0,명령에따른리콜,
저장일정문화용품,2023.0,명령에따른리콜,
에이치아이무역,2023.0,명령에따른리콜,
크리브,2023.0,명령에따른리콜,
크리브,2022.0,명령에따른리콜,
크리브,2022.0,명령에따른리콜,
휴즈랩,2023.0,명령에따른리콜,
수비월드,2023.0,명령에따른리콜,
유신모자,2023.0,명령에따른리콜,
유신모자,2017.0,명령에따른리콜,
블루페블즈,2023.0,명령에따른리콜,
이마트,2023.0,명령에따른리콜,-1.0
이마트,2020.0,자발적리콜,-1.0
이마트,2018.0,명령에따른리콜,-1.0
이마트,2017.0,명령에따른리콜,-1.0
이마트,2017.0,자발적리콜,-1.0
서울전기,2023.0,명령에따른리콜,
트라이애드,2023.0,명령에따른리콜,
로이체,2023.0,명령에따른리콜,
제이티씨글로벌,2023.0,명령에따른리콜,
인테코에이티,2023.0,명령에따른리콜,
씨티라이프,2023.0,자발적리콜,
스마트,2023.0,자발적리콜,
린나이코리아,2023.0,자발적리콜,
스캇노스아시아,2023.0,자발적리콜,
자라홈코리아유한회사,2023.0,자발적리콜,
"BISSELLHomecare,Inc.",2023.0,자발적리콜,
오이쇼코리아유한회사,2023.0,자발적리콜,
지오다노,2022.0,자발적리콜,
지오다노,2022.0,명령에따른리콜,
영메디칼바이오,2022.0,명령에따른리콜,
영메디칼바이오,2019.0,명령에따른리콜,
영메디칼바이오,2015.0,명령에따른리콜,
우진의료기,2022.0,명령에따른리콜,
우진의료기,2020.0,명령에따른리콜,
우진의료기,2019.0,명령에따른리콜,
우진의료기,2019.0,명령에따른리콜,
우진의료기,2015.0,명령에따른리콜,
라이프웰,2022.0,명령에따른리콜,
에스디생명공학건강식품사업부문(홈스타의료기),2022.0,명령에따른리콜,
고은피플,2022.0,명령에따른리콜,
셀인스텍,2022.0,명령에따른리콜,
루앤원,2022.0,명령에따른리콜,
동영,2022.0,명령에따른리콜,
동영,2016.0,명령에따른리콜,
동영,2016.0,명령에따른리콜,
동영,2016.0,명령에따른리콜,
동영,2015.0,명령에따른리콜,
동영,2015.0,명령에따른리콜,
협성트레이드,2022.0,명령에따른리콜,
펄스일렉트로닉스,2022.0,명령에따른리콜,
신유일전자,2022.0,명령에따른리콜,
신유일전자,2021.0,명령에따른리콜,
신유일전자,2019.0,명령에따른리콜,
신유일전자,2018.0,명령에따른리콜,
신유일전자,2016.0,명령에따른리콜,
신유일전자,2015.0,명령에따른리콜,
신유일전자,2014.0,명령에따른리콜,
한일생명과학,2022.0,명령에따른리콜,
한일생명과학,2020.0,명령에따른리콜,
한일생명과학,2015.0,명령에따른리콜,
예스대현,2022.0,명령에따른리콜,
예스대현,2018.0,명령에따른리콜,
은교,2022.0,명령에따른리콜,
부강H&C,2022.0,명령에따른리콜,
국민유통,2022.0,명령에따른리콜,
가이온퍼니처,2022.0,명령에따른리콜,
가이온퍼니처,2022.0,명령에따른리콜,
가이온퍼니처,2020.0,명령에따른리콜,
그래,2022.0,명령에따른리콜,
썬파인,2022.0,명령에따른리콜,
MOTOMOA,2022.0,명령에따른리콜,
월드일렉콤,2022.0,명령에따른리콜,
좋은상사,2022.0,명령에따른리콜,
도무스,2022.0,명령에따른리콜,
동서가구,2022.0,명령에따른리콜,
동서가구,2022.0,명령에따른리콜,
동서가구,2020.0,명령에따른리콜,
동서가구,2019.0,명령에따른리콜,
GBSTYLE,2022.0,명령에따른리콜,
GBSTYLE,2015.0,명령에따른리콜,
미스토리,2022.0,명령에따른리콜,
구름위에햇님,2022.0,명령에따른리콜,
구름위에햇님,2021.0,명령에따른리콜,
메이블,2022.0,명령에따른리콜,
리빙탑스,2022.0,명령에따른리콜,
말랑하니,2022.0,명령에따른리콜,
가베,2022.0,명령에따른리콜,
아이코닉스,2022.0,명령에따른리콜,
아이코닉스,2019.0,명령에따른리콜,
아이코닉스,2017.0,명령에따른리콜,
아이코닉스,2016.0,명령에따른리콜,
키즈토이,2022.0,명령에따른리콜,
제이엠컴퍼니,2022.0,명령에따른리콜,
지비와이아이앤씨,2022.0,명령에따른리콜,
피앤디,2022.0,명령에따른리콜,
피앤디,2022.0,명령에따른리콜,
피앤디,2020.0,명령에따른리콜,
마이다스,2022.0,명령에따른리콜,
오픈한,2022.0,명령에따른리콜,
오픈한,2022.0,명령에따른리콜,
오픈한,2021.0,명령에따른리콜,
오픈한,2021.0,명령에따른리콜,
오픈한,2020.0,명령에따른리콜,
오픈한,2017.0,명령에따른리콜,
라파클럽,2022.0,명령에따른리콜,
바이찬엔티(BY-CHAN.NT),2022.0,명령에따른리콜,
서양네트웍스,2022.0,명령에따른리콜,
서양네트웍스,2019.0,명령에따른리콜,
서양네트웍스,2017.0,명령에따른리콜,
서양네트웍스,2017.0,명령에따른리콜,
서양네트웍스,2016.0,명령에따른리콜,
서양네트웍스,2016.0,명령에따른리콜,
서양네트웍스,2016.0,명령에따른리콜,
서양네트웍스,2016.0,명령에따른리콜,
서양네트웍스,2015.0,명령에따른리콜,
서양네트웍스,2015.0,명령에따른리콜,
서양네트웍스,2015.0,명령에따른리콜,
서양네트웍스,2015.0,명령에따른리콜,
서양네트웍스,2015.0,자발적리콜,
서양네트웍스,2015.0,명령에따른리콜,
서양네트웍스,2014.0,자발적리콜,
나라홈데코,2022.0,명령에따른리콜,
K2BIKE,2022.0,명령에따른리콜,
K2BIKE,2022.0,명령에따른리콜,
K2BIKE,2021.0,명령에따른리콜,
아틀란코리아,2022.0,명령에따른리콜,
제우스상사,2022.0,명령에따른리콜,
제우스상사,2020.0,명령에따른리콜,
제우스상사,2015.0,명령에따른리콜,
명성무역,2022.0,명령에따른리콜,
명성무역,2016.0,명령에따른리콜,
오즈토이,2022.0,명령에따른리콜,
케이오에스코퍼레이션,2022.0,명령에따른리콜,
토이랜드,2022.0,명령에따른리콜,
에코비앤디,2022.0,명령에따른리콜,
티아라,2022.0,명령에따른리콜,
티아라,2022.0,명령에따른리콜,
골든래빗,2022.0,명령에따른리콜,
골든래빗,2021.0,명령에따른리콜,
SK매직,2022.0,자발적리콜,
SK매직,2019.0,자발적리콜,
거성산업Gs&tap.,2022.0,명령에따른리콜,
대현써지오,2022.0,명령에따른리콜,
한일생활과학,2022.0,명령에따른리콜,
한일생활과학,2019.0,명령에따른리콜,
한일생활과학,2017.0,명령에따른리콜,
루미레즈코리아,2022.0,명령에따른리콜,
허킨스,2022.0,명령에따른리콜,
태서전기,2022.0,명령에따른리콜,
태서전기,2021.0,명령에따른리콜,
태서전기,2021.0,명령에따른리콜,
태서전기,2021.0,명령에따른리콜,
태서전기,2020.0,명령에따른리콜,
태서전기,2019.0,명령에따른리콜,
에스앤비컴퍼니,2022.0,명령에따른리콜,
케이엠코퍼레이션,2022.0,명령에따른리콜,
성광종합상사,2022.0,명령에따른리콜,
태건씨앤에스,2022.0,명령에따른리콜,
태건씨앤에스,2019.0,명령에따른리콜,
네오랩컨버전스,2022.0,명령에따른리콜,
코코지,2022.0,자발적리콜,
코코지,2022.0,자발적리콜,
코코지,2022.0,자발적리콜,
베스트바이글로벌,2022.0,자발적리콜,
나인투원,2022.0,자발적리콜,
두리산업,2022.0,명령에따른리콜,
대상엘이디,2022.0,명령에따른리콜,
조이스트,2022.0,명령에따른리콜,
나인라이팅,2022.0,명령에따른리콜,
에스에이치텍,2022.0,명령에따른리콜,
베스트테크,2022.0,명령에따른리콜,
갈릴리,2022.0,명령에따른리콜,
갈릴리,2021.0,명령에따른리콜,
대림테크,2022.0,명령에따른리콜,
대림테크,2021.0,명령에따른리콜,
대림테크,2020.0,명령에따른리콜,
남양키친플라워,2022.0,명령에따른리콜,
라디언스광주지점,2022.0,명령에따른리콜,
라디언스광주지점,2020.0,명령에따른리콜,
영광하이테크,2022.0,명령에따른리콜,
영광하이테크,2016.0,명령에따른리콜,
아림전기,2022.0,명령에따른리콜,
아림전기,2019.0,명령에따른리콜,
삼정이노베이터즈,2022.0,명령에따른리콜,
위시,2022.0,명령에따른리콜,
아테네암스,2022.0,명령에따른리콜,
한국상사,2022.0,명령에따른리콜,
건앤건,2022.0,명령에따른리콜,
탑트레이드,2022.0,명령에따른리콜,
다온솔,2022.0,명령에따른리콜,
쥬베라,2022.0,명령에따른리콜,
파인원,2022.0,명령에따른리콜,
에이치케이코퍼레이션,2022.0,명령에따른리콜,
에이치케이코퍼레이션,2017.0,자발적리콜,
에이치케이코퍼레이션,2016.0,자발적리콜,
에이치케이코퍼레이션,2016.0,자발적리콜,
투실,2022.0,명령에따른리콜,
예작퍼니쳐,2022.0,명령에따른리콜,
데코라인퍼니처,2022.0,명령에따른리콜,
라이온세일즈,2022.0,명령에따른리콜,
오션바이오,2022.0,명령에따른리콜,
비타그램,2022.0,명령에따른리콜,
비타그램,2020.0,명령에따른리콜,
예산,2022.0,명령에따른리콜,
일렉마켓,2022.0,명령에따른리콜,
이앤이,2022.0,명령에따른리콜,
지아컴퍼니,2022.0,명령에따른리콜,
에이치인터내셔널,2022.0,명령에따른리콜,
보성ALIVE가구,2022.0,명령에따른리콜,
수생토이즈,2022.0,명령에따른리콜,
수생토이즈,2021.0,명령에따른리콜,
수생토이즈,2020.0,명령에따른리콜,
포시즌,2022.0,명령에따른리콜,
청양코리아,2022.0,명령에따른리콜,
청양코리아,2021.0,명령에따른리콜,
퍼니코,2022.0,명령에따른리콜,
올댓제시,2022.0,명령에따른리콜,
벨라코망(Bellakomang),2022.0,명령에따른리콜,
에이비씨프로덕트,2022.0,명령에따른리콜,
에이비씨프로덕트,2020.0,자발적리콜,
에이비씨프로덕트,2019.0,명령에따른리콜,
소르니아,2022.0,명령에따른리콜,
소르니아,2019.0,명령에따른리콜,
일우산업,2022.0,명령에따른리콜,
일우산업,2019.0,명령에따른리콜,
꾸루꾸루,2022.0,명령에따른리콜,
한들,2022.0,명령에따른리콜,
한들,2021.0,명령에따른리콜,
한들,2018.0,명령에따른리콜,
한들,2013.0,명령에따른리콜,
티티경인,2022.0,명령에따른리콜,
Ant빌리지,2022.0,명령에따른리콜,
이펜시아,2022.0,명령에따른리콜,
드림월드플러스,2022.0,명령에따른리콜,
플러스무역,2022.0,명령에따른리콜,
에이치티엘코리아(푸아용탓),2022.0,자발적리콜,
삼성전자,2022.0,자발적리콜,-1.0
삼성전자,2018.0,자발적리콜,-1.0
삼성전자,2018.0,자발적리콜,-1.0
삼성전자,2016.0,자발적리콜,-1.0
"4moms(“4moms”)의사업자ThorleyIndustries,LLCtrading",2022.0,자발적리콜,
Black&DeckerAsiaPacificPte.Ltd.,2022.0,자발적리콜,
에스씨케이컴퍼니,2022.0,자발적리콜,
바디프랜드,2022.0,자발적리콜,
플레이위즈,2022.0,명령에따른리콜,
플레이위즈,2020.0,명령에따른리콜,
구디스(GOODICE),2022.0,명령에따른리콜,
한선유통,2022.0,명령에따른리콜,
한선유통,2017.0,명령에따른리콜,
플랜프라자씨앤씨,2022.0,명령에따른리콜,
씨피엘비,2022.0,명령에따른리콜,
씨피엘비,2022.0,자발적리콜,
에밀아자르유한회사(Emilazar),2022.0,명령에따른리콜,
신성,2022.0,명령에따른리콜,
에스와이폴리텍,2022.0,명령에따른리콜,
천하지엘씨,2022.0,명령에따른리콜,
티엘커뮤니티,2022.0,명령에따른리콜,
티엘커뮤니티,2022.0,명령에따른리콜,
넥티드,2022.0,명령에따른리콜,
플레이맥스,2022.0,명령에따른리콜,
플레이맥스,2021.0,명령에따른리콜,
토이플라이,2022.0,명령에따른리콜,
토이플라이,2022.0,명령에따른리콜,
지아지조컴퍼니,2022.0,명령에따른리콜,
아가프라,2022.0,명령에따른리콜,
사라코,2022.0,명령에따른리콜,
사라코,2019.0,명령에따른리콜,
코디아이어패럴,2022.0,명령에따른리콜,
코디아이어패럴,2021.0,명령에따른리콜,
경원에프엔비,2022.0,명령에따른리콜,
경원에프엔비,2022.0,명령에따른리콜,
경원에프엔비,2020.0,명령에따른리콜,
경원에프엔비,2020.0,명령에따른리콜,
베이블리,2022.0,명령에따른리콜,
육공엘디,2022.0,명령에따른리콜,
스윔어바웃,2022.0,명령에따른리콜,
스윔어바웃,2021.0,명령에따른리콜,
스윔어바웃,2021.0,명령에따른리콜,
스윔어바웃,2021.0,명령에따른리콜,
미소바이크,2022.0,명령에따른리콜,
비바셀,2022.0,명령에따른리콜,
유앤원,2022.0,명령에따른리콜,
꾸꾸,2022.0,명령에따른리콜,
케이엠엘리홀딩스,2022.0,명령에따른리콜,
블록N스토리,2022.0,명령에따른리콜,
이조물류센타,2022.0,명령에따른리콜,
드림캡스,2022.0,명령에따른리콜,
드림캡스,2015.0,명령에따른리콜,
스텝케어,2022.0,명령에따른리콜,
스텝케어,2021.0,명령에따른리콜,
스텝케어,2021.0,명령에따른리콜,
스텝케어,2021.0,명령에따른리콜,
스텝케어,2019.0,명령에따른리콜,
스텝케어,2019.0,명령에따른리콜,
젠아이,2022.0,명령에따른리콜,
젠아이,2019.0,명령에따른리콜,
퍼스트어패럴,2022.0,명령에따른리콜,
퍼스트어패럴,2021.0,명령에따른리콜,
퍼스트어패럴,2020.0,명령에따른리콜,
퍼스트어패럴,2020.0,명령에따른리콜,
퍼스트어패럴,2019.0,명령에따른리콜,
퍼스트어패럴,2019.0,명령에따른리콜,
퍼스트어패럴,2019.0,명령에따른리콜,
퍼스트어패럴,2018.0,명령에따른리콜,
퍼스트어패럴,2017.0,명령에따른리콜,
퍼스트어패럴,2016.0,명령에따른리콜,
퍼스트어패럴,2015.0,명령에따른리콜,
퍼스트어패럴,2015.0,명령에따른리콜,
퍼스트어패럴,2014.0,명령에따른리콜,
퍼스트어패럴,2013.0,명령에따른리콜,
퍼스트어패럴,2013.0,명령에따른리콜,
코알라컴퍼니,2022.0,명령에따른리콜,
원통,2022.0,명령에따른리콜,
원통,2021.0,명령에따른리콜,
밀크파우더,2022.0,명령에따른리콜,
누리모드,2022.0,명령에따른리콜,
라운드컴퍼니,2022.0,명령에따른리콜,
라운드컴퍼니,2020.0,명령에따른리콜,
동화인터내셔널,2022.0,명령에따른리콜,
에이치엘컴퍼니,2022.0,명령에따른리콜,
애플스마일,2022.0,명령에따른리콜,
통큰,2022.0,명령에따른리콜,
핸드메이드만나는날,2022.0,명령에따른리콜,
라엘코리아,2022.0,명령에따른리콜,
라엘코리아,2021.0,명령에따른리콜,
라엘코리아,2018.0,명령에따른리콜,
라엘코리아,2014.0,명령에따른리콜,
라엘코리아,2014.0,명령에따른리콜,
라엘코리아,2014.0,명령에따른리콜,
해밀정원,2022.0,명령에따른리콜,
바다통상,2022.0,명령에따른리콜,
바다통상,2017.0,명령에따른리콜,
구디스,2022.0,명령에따른리콜,
구디스,2021.0,명령에따른리콜,
구디스,2020.0,명령에따른리콜,
위오아이엔씨,2022.0,명령에따른리콜,
아이노비아,2022.0,자발적리콜,
에센루,2022.0,자발적리콜,
에어로코리아,2022.0,자발적리콜,
에어로코리아,2020.0,명령에따른리콜,
에어로코리아,2020.0,명령에따른리콜,
컴스마트,2022.0,명령에따른리콜,
에몬스앳홈,2022.0,명령에따른리콜,
보성얼라이브가구,2022.0,명령에따른리콜,
아리랑유통,2022.0,명령에따른리콜,
티앤글로리,2022.0,명령에따른리콜,
디에스큐브코리아,2022.0,명령에따른리콜,
고려화학,2022.0,명령에따른리콜,
네오트레이딩,2022.0,명령에따른리콜,
파크론양주지점,2022.0,명령에따른리콜,
유리구두,2022.0,명령에따른리콜,
테소로,2022.0,명령에따른리콜,
새김어페럴,2022.0,명령에따른리콜,
케이브랜즈,2022.0,명령에따른리콜,
에스앤지,2022.0,명령에따른리콜,
아이엔앨디,2022.0,명령에따른리콜,
제일모직패션부문,2022.0,자발적리콜,
"FitbitLLC.(구Fitbit,Inc.)",2022.0,자발적리콜,
한진종합,2022.0,자발적리콜,
한진종합,2020.0,명령에따른리콜,
피노키오,2022.0,명령에따른리콜,
피노키오,2020.0,명령에따른리콜,
피노키오,2019.0,명령에따른리콜,
점프,2022.0,명령에따른리콜,
점프,2021.0,명령에따른리콜,
점프,2020.0,명령에따른리콜,
점프,2020.0,명령에따른리콜,
점프,2019.0,명령에따른리콜,
점프,2019.0,명령에따른리콜,
점프,2019.0,명령에따른리콜,
점프,2019.0,명령에따른리콜,
점프,2019.0,명령에따른리콜,
점프,2019.0,명령에따른리콜,
정현쥬얼리,2022.0,명령에따른리콜,
세그웨이서울,2022.0,명령에따른리콜,
세그웨이서울,2018.0,명령에따른리콜,
대호종합상사,2022.0,명령에따른리콜,
대호종합상사,2015.0,명령에따른리콜,
대호종합상사,2015.0,명령에따른리콜,
대호종합상사,2013.0,명령에따른리콜,
버기트라이크,2022.0,명령에따른리콜,
패션플러스,2022.0,명령에따른리콜,
삼성물산,2022.0,명령에따른리콜,-1.0
뉴에라캡코리아(유),2022.0,명령에따른리콜,
미르상사(미르가구),2022.0,명령에따른리콜,
제네스컴퍼니,2022.0,명령에따른리콜,
더자리체어,2022.0,명령에따른리콜,
반도옵티칼,2022.0,명령에따른리콜,
라리베라,2022.0,명령에따른리콜,
에이스상사,2022.0,명령에따른리콜,
에이스상사,2022.0,명령에따른리콜,
에이스상사,2022.0,명령에따른리콜,
세양침대,2022.0,명령에따른리콜,
라라리즈,2022.0,명령에따른리콜,
H인터내셔널,2022.0,명령에따른리콜,
더스마티,2022.0,명령에따른리콜,
에이투인터내셔널,2022.0,명령에따른리콜,
쿠첸,2022.0,자발적리콜,
아바마,2021.0,명령에따른리콜,
씨케이코리아(CKKOREAInc.),2021.0,명령에따른리콜,
주영이앤씨,2021.0,명령에따른리콜,
주영이앤씨,2020.0,명령에따른리콜,
주영이앤씨,2018.0,명령에따른리콜,
주영이앤씨,2017.0,명령에따른리콜,
켈리앤스테판,2021.0,명령에따른리콜,
미래상사,2021.0,명령에따른리콜,
세컨아이즈,2021.0,명령에따른리콜,
마미버드,2021.0,명령에따른리콜,
팬로프,2021.0,명령에따른리콜,
도트엔도트,2021.0,명령에따른리콜,
도트엔도트,2021.0,명령에따른리콜,
도트엔도트,2020.0,명령에따른리콜,
도트엔도트,2020.0,명령에따른리콜,
도트엔도트,2019.0,명령에따른리콜,
도트엔도트,2018.0,명령에따른리콜,
커머스플러스,2021.0,명령에따른리콜,
토탈룩스,2021.0,명령에따른리콜,
토탈룩스,2021.0,명령에따른리콜,
재은유통,2021.0,명령에따른리콜,
디지프리INT,2021.0,명령에따른리콜,
디지프리INT,2021.0,자발적리콜,
동광앤에스,2021.0,명령에따른리콜,
히템,2021.0,명령에따른리콜,
K&BKoreaInc,2021.0,명령에따른리콜,
머레이코리아,2021.0,명령에따른리콜,
분당ENG,2021.0,명령에따른리콜,
피플스,2021.0,명령에따른리콜,
피플스,2017.0,명령에따른리콜,
명인상사,2021.0,명령에따른리콜,
현대의료기,2021.0,명령에따른리콜,
현대의료기,2019.0,명령에따른리콜,
풀꽃향기,2021.0,명령에따른리콜,
"에이치이비(HebCo.,Ltd)",2021.0,명령에따른리콜,
프라임엘이디(판매업체),2021.0,명령에따른리콜,
일렉스코리아,2021.0,명령에따른리콜,
삼오전자,2021.0,명령에따른리콜,
삼오전자,2016.0,명령에따른리콜,
삼오전자,2016.0,명령에따른리콜,
삼오전자,2016.0,명령에따른리콜,
삼오전자,2016.0,명령에따른리콜,
레트로버,2021.0,명령에따른리콜,
아이앤지퍼니처,2021.0,명령에따른리콜,
아리아컴퍼니,2021.0,명령에따른리콜,
에스엠디네트웍스,2021.0,명령에따른리콜,
에보니아,2021.0,명령에따른리콜,
에보니아,2019.0,명령에따른리콜,
에보니아,2018.0,명령에따른리콜,
에보니아,2014.0,명령에따른리콜,
아이앤에프,2021.0,명령에따른리콜,
쓰임자리연구소,2021.0,명령에따른리콜,
나우플러스,2021.0,명령에따른리콜,
위드현,2021.0,명령에따른리콜,
브로즈디스트리뷰션,2021.0,명령에따른리콜,
브로즈디스트리뷰션,2016.0,명령에따른리콜,
브로즈디스트리뷰션,2015.0,명령에따른리콜,
아머스포츠코리아,2021.0,명령에따른리콜,
화광교역,2021.0,명령에따른리콜,
더에이치투,2021.0,명령에따른리콜,
엘린제이,2021.0,자발적리콜,
프리그코리아,2021.0,자발적리콜,
제크노바타이어,2021.0,명령에따른리콜,
바꾸바꾸,2021.0,명령에따른리콜,
크레텍책임,2021.0,명령에따른리콜,
크레텍책임,2021.0,명령에따른리콜,
크레텍책임,2016.0,명령에따른리콜,
이토,2021.0,명령에따른리콜,
이토,2021.0,명령에따른리콜,
이토,2018.0,명령에따른리콜,
파피루스,2021.0,명령에따른리콜,
핀란디아,2021.0,명령에따른리콜,
쁘띠엘린,2021.0,명령에따른리콜,
쁘띠엘린,2021.0,자발적리콜,
쁘띠엘린,2021.0,자발적리콜,
쁘띠엘린,2020.0,명령에따른리콜,
쁘띠엘린,2018.0,자발적리콜,
파파스퍼니처,2021.0,명령에따른리콜,
포인트라인,2021.0,명령에따른리콜,
포인트라인,2018.0,명령에따른리콜,
디어아이,2021.0,명령에따른리콜,
혜안,2021.0,명령에따른리콜,
에스엠코프,2021.0,명령에따른리콜,
에스엠코프,2015.0,명령에따른리콜,
대양무역,2021.0,명령에따른리콜,
대양무역,2019.0,명령에따른리콜,
대양무역,2019.0,명령에따른리콜,
해피월드인터내셔널,2021.0,명령에따른리콜,
스마트스터디,2021.0,명령에따른리콜,
아성HMP,2021.0,명령에따른리콜,
스페셜라이즈드코리아(유),2021.0,자발적리콜,
스페셜라이즈드코리아(유),2021.0,자발적리콜,
스페셜라이즈드코리아(유),2020.0,명령에따른리콜,
스페셜라이즈드코리아(유),2019.0,자발적리콜,
스페셜라이즈드코리아(유),2018.0,자발적리콜,
스페셜라이즈드코리아(유),2018.0,자발적리콜,
스페셜라이즈드코리아(유),2018.0,자발적리콜,
앨리앤코(AllieandCo),2021.0,자발적리콜,
토단교재,2021.0,명령에따른리콜,
토단교재,2019.0,명령에따른리콜,
아모스,2021.0,명령에따른리콜,
아모스,2017.0,명령에따른리콜,
모던트레이드,2021.0,명령에따른리콜,
모던트레이드,2019.0,명령에따른리콜,
모던트레이드,2019.0,명령에따른리콜,
모던트레이드,2019.0,명령에따른리콜,
모던트레이드,2018.0,명령에따른리콜,
모던트레이드,2018.0,명령에따른리콜,
모던트레이드,2018.0,명령에따른리콜,
모던토이,2021.0,명령에따른리콜,
모던토이,2018.0,명령에따른리콜,
타카그룹,2021.0,명령에따른리콜,
토이파크,2021.0,명령에따른리콜,
부평씽크빅,2021.0,명령에따른리콜,
"FacebookTechnologies,LLC,법률대리인(김&장법률사무소)",2021.0,자발적리콜,
가온셀,2021.0,명령에따른리콜,
빅트,2021.0,명령에따른리콜,
듀엘코,2021.0,자발적리콜,
길림인더스트리,2021.0,자발적리콜,
호마상사,2021.0,명령에따른리콜,
리플스인터내셔날,2021.0,명령에따른리콜,
위베네베네,2021.0,명령에따른리콜,
위베네베네,2021.0,명령에따른리콜,
아가방앤컴퍼니,2021.0,명령에따른리콜,
아가방앤컴퍼니,2019.0,명령에따른리콜,
아가방앤컴퍼니,2018.0,명령에따른리콜,
아가방앤컴퍼니,2015.0,명령에따른리콜,
해피프린스,2021.0,명령에따른리콜,
"테드(TedCo.,Ltd.)",2021.0,명령에따른리콜,
클럽타이콘,2021.0,명령에따른리콜,
제이에스무역,2021.0,명령에따른리콜,
제이에스무역,2021.0,명령에따른리콜,
리틀아티스트,2021.0,명령에따른리콜,
베베비치,2021.0,명령에따른리콜,
세아무역(SEAHTRADE),2021.0,명령에따른리콜,
지나월드,2021.0,명령에따른리콜,
지나월드,2020.0,명령에따른리콜,
채니봉봉,2021.0,명령에따른리콜,
리틀킹,2021.0,명령에따른리콜,
케이엔에이치,2021.0,명령에따른리콜,
동양유통,2021.0,명령에따른리콜,
동방레포츠,2021.0,명령에따른리콜,
동방레포츠,2013.0,명령에따른리콜,
에스티,2021.0,명령에따른리콜,
바이오쉴드,2021.0,명령에따른리콜,
상생플래닛,2021.0,명령에따른리콜,
원더키드(WONDERKID.CO.LTD),2021.0,명령에따른리콜,
장미공주,2021.0,명령에따른리콜,
행도씨,2021.0,명령에따른리콜,
행도씨,2020.0,명령에따른리콜,
제이플러스교역,2021.0,명령에따른리콜,
제이플러스교역,2020.0,명령에따른리콜,
신세계코리아,2021.0,명령에따른리콜,
한길통상,2021.0,자발적리콜,
헨티,2021.0,명령에따른리콜,
신본통상,2021.0,명령에따른리콜,
예림가구,2021.0,명령에따른리콜,
쉴드,2021.0,명령에따른리콜,
잭키드,2021.0,명령에따른리콜,
더비피,2021.0,명령에따른리콜,
M&J(엠엔제이),2021.0,명령에따른리콜,
케이엔와이인터내셔널,2021.0,명령에따른리콜,
유엔아이하우스,2021.0,명령에따른리콜,
와이제이트레이딩,2021.0,명령에따른리콜,
와이제이트레이딩,2013.0,명령에따른리콜,
엘투글로벌,2021.0,명령에따른리콜,
정훈제화,2021.0,명령에따른리콜,
정훈제화,2020.0,명령에따른리콜,
에스비코리아(SBKorea),2021.0,명령에따른리콜,
다이치,2021.0,명령에따른리콜,
다이치,2014.0,자발적리콜,
도밍고,2021.0,명령에따른리콜,
써보니,2021.0,명령에따른리콜,
지티에스글로벌,2021.0,명령에따른리콜,
지티에스글로벌,2019.0,자발적리콜,
블루마운틴코리아,2021.0,명령에따른리콜,
에스제이프로모션,2021.0,명령에따른리콜,
에스제이프로모션,2019.0,명령에따른리콜,
에스제이프로모션,2016.0,명령에따른리콜,
비아리코,2021.0,명령에따른리콜,
페이퍼플레인키즈,2021.0,명령에따른리콜,
SL무역,2021.0,명령에따른리콜,
늘품,2021.0,명령에따른리콜,
아우디,2021.0,명령에따른리콜,
라파엘,2021.0,명령에따른리콜,
꾼컴퍼니,2021.0,명령에따른리콜,
꾼컴퍼니,2021.0,명령에따른리콜,
지투코리아,2021.0,명령에따른리콜,
예성악기,2021.0,명령에따른리콜,
파파야나인,2021.0,명령에따른리콜,
파파야나인,2019.0,명령에따른리콜,
바니랜드,2021.0,명령에따른리콜,
바니랜드,2016.0,명령에따른리콜,
해피트리,2021.0,명령에따른리콜,
리틀스텔라,2021.0,명령에따른리콜,
리틀스텔라,2020.0,명령에따른리콜,
리틀스텔라,2019.0,명령에따른리콜,
리틀스텔라,2018.0,명령에따른리콜,
큐비스트,2021.0,명령에따른리콜,
명경통상,2021.0,명령에따른리콜,
까사미아,2021.0,명령에따른리콜,
엠에이치앤코,2021.0,명령에따른리콜,
엠에이치앤코,2021.0,명령에따른리콜,
엠에이치앤코,2020.0,명령에따른리콜,
엠에이치앤코,2018.0,명령에따른리콜,
세컨드컨테이너,2021.0,명령에따른리콜,
민솔가구,2021.0,명령에따른리콜,
마켓리더,2021.0,명령에따른리콜,
리샘,2021.0,명령에따른리콜,
아이솔,2021.0,명령에따른리콜,
백운조명,2021.0,명령에따른리콜,
백운조명,2015.0,명령에따른리콜,
백운조명,2015.0,명령에따른리콜,
진산메디칼,2021.0,명령에따른리콜,
조아무역,2021.0,명령에따른리콜,
한국미디어시스템,2021.0,명령에따른리콜,
한국미디어시스템,2018.0,명령에따른리콜,
세미웰전자,2021.0,명령에따른리콜,
엘이디그린티,2021.0,명령에따른리콜,
엘이디그린티,2015.0,명령에따른리콜,
케이알큐엘이디,2021.0,명령에따른리콜,
광진조명,2021.0,명령에따른리콜,
광진조명,2021.0,명령에따른리콜,
광진조명,2018.0,명령에따른리콜,
광진조명,2016.0,명령에따른리콜,
광진조명,2015.0,명령에따른리콜,
삼주조명,2021.0,명령에따른리콜,
쓰리씨라이팅인더스,2021.0,명령에따른리콜,
쓰리씨라이팅인더스,2019.0,명령에따른리콜,
쓰리씨라이팅인더스,2017.0,명령에따른리콜,
쓰리씨라이팅인더스,2017.0,명령에따른리콜,
쓰리씨라이팅인더스,2017.0,명령에따른리콜,
쓰리씨라이팅인더스,2016.0,명령에따른리콜,
쓰리씨라이팅인더스,2016.0,명령에따른리콜,
쓰리씨라이팅인더스,2015.0,명령에따른리콜,
티더블유라이팅(TWlightingCo.Ltd),2021.0,명령에따른리콜,
글로벌엘이디,2021.0,명령에따른리콜,
글로벌엘이디,2020.0,명령에따른리콜,
글로벌엘이디,2020.0,명령에따른리콜,
글로벌엘이디,2016.0,명령에따른리콜,
글로벌엘이디,2016.0,명령에따른리콜,
에프알엘코리아,2021.0,자발적리콜,
에프알엘코리아,2018.0,명령에따른리콜,
LG패션,2021.0,자발적리콜,
LG패션,2014.0,자발적리콜,
콘티넨탈타이어코리아유한회사,2021.0,자발적리콜,
제주예일상사,2021.0,명령에따른리콜,
블루오션,2021.0,명령에따른리콜,
현대프로나비,2021.0,명령에따른리콜,
디에이치코리아,2021.0,명령에따른리콜,
이지뷰,2021.0,명령에따른리콜,
세풍,2021.0,명령에따른리콜,
지오트레이드,2021.0,명령에따른리콜,
좋은마케팅,2021.0,명령에따른리콜,
네비코리아,2021.0,명령에따른리콜,
아이티온,2021.0,명령에따른리콜,
하이스트,2021.0,명령에따른리콜,
오토라인시티,2021.0,명령에따른리콜,
대원모터스,2021.0,명령에따른리콜,
에이셀,2021.0,명령에따른리콜,
리크(판매업체),2021.0,명령에따른리콜,
유니아트,2021.0,명령에따른리콜,
백광,2021.0,명령에따른리콜,
롯데쇼핑롯데마트사업본부,2021.0,명령에따른리콜,
동진침장,2021.0,명령에따른리콜,
오디바이크,2021.0,명령에따른리콜,
바이크패밀리,2021.0,명령에따른리콜,
인이상사,2021.0,명령에따른리콜,
인이상사,2017.0,명령에따른리콜,
인이상사,2013.0,명령에따른리콜,
노바웨이,2021.0,명령에따른리콜,
하나완구,2021.0,명령에따른리콜,
금오디앤아이지점,2021.0,명령에따른리콜,
보아스린,2021.0,명령에따른리콜,
보아스린,2020.0,명령에따른리콜,
보아스린,2019.0,명령에따른리콜,
보아스린,2019.0,명령에따른리콜,
보아스린,2018.0,명령에따른리콜,
썬라이즈,2021.0,명령에따른리콜,
와우키즈,2021.0,명령에따른리콜,
인케이홀딩스,2021.0,명령에따른리콜,
동일금속,2021.0,명령에따른리콜,
지니스,2021.0,명령에따른리콜,
아이히트코리아,2021.0,명령에따른리콜,
락앤락,2021.0,명령에따른리콜,
이엘산업,2021.0,명령에따른리콜,
우보,2021.0,명령에따른리콜,
씨엔드에치크리에이티브,2021.0,자발적리콜,
방울컬렉션,2021.0,명령에따른리콜,
엘포엘,2021.0,자발적리콜,
세기AT,2021.0,자발적리콜,
또래친구,2021.0,명령에따른리콜,
미소,2021.0,명령에따른리콜,
오로라,2021.0,명령에따른리콜,
KYI&D,2021.0,명령에따른리콜,
KYI&D,2021.0,명령에따른리콜,
KYI&D,2018.0,명령에따른리콜,
KYI&D,2018.0,명령에따른리콜,
거화아이엔씨,2021.0,명령에따른리콜,
거화아이엔씨,2021.0,명령에따른리콜,
거화아이엔씨,2020.0,명령에따른리콜,
거화아이엔씨,2015.0,명령에따른리콜,
쿠기어드벤쳐,2021.0,명령에따른리콜,
웨이블레이에듀,2021.0,명령에따른리콜,
은혜사,2021.0,명령에따른리콜,
은혜사,2019.0,명령에따른리콜,
은혜사,2019.0,명령에따른리콜,
은혜사,2019.0,명령에따른리콜,
은혜사,2019.0,명령에따른리콜,
은혜사,2019.0,명령에따른리콜,
은혜사,2019.0,명령에따른리콜,
은혜사,2018.0,명령에따른리콜,
은혜사,2018.0,명령에따른리콜,
은혜사,2018.0,명령에따른리콜,
은혜사,2018.0,명령에따른리콜,
은혜사,2018.0,명령에따른리콜,
은혜사,2018.0,명령에따른리콜,
은혜사,2018.0,명령에따른리콜,
은혜사,2018.0,명령에따른리콜,
자연과학습,2021.0,명령에따른리콜,
자연과학습,2021.0,명령에따른리콜,
자연과학습,2021.0,명령에따른리콜,
자연과학습,2021.0,명령에따른리콜,
자연과학습,2020.0,명령에따른리콜,
자연과학습,2019.0,명령에따른리콜,
자연과학습,2019.0,명령에따른리콜,
자연과학습,2019.0,명령에따른리콜,
자연과학습,2019.0,명령에따른리콜,
자연과학습,2019.0,명령에따른리콜,
더오픈하우스,2021.0,명령에따른리콜,
더오픈하우스,2021.0,명령에따른리콜,
더오픈하우스,2016.0,명령에따른리콜,
더오픈하우스,2013.0,명령에따른리콜,
더오픈하우스,2013.0,명령에따른리콜,
HY물산,2021.0,명령에따른리콜,
필박스,2021.0,명령에따른리콜,
필박스,2021.0,명령에따른리콜,
필박스,2021.0,명령에따른리콜,
필박스,2020.0,명령에따른리콜,
필박스,2020.0,명령에따른리콜,
필박스,2020.0,명령에따른리콜,
필박스,2020.0,명령에따른리콜,
필박스,2020.0,명령에따른리콜,
필박스,2018.0,명령에따른리콜,
필박스,2018.0,명령에따른리콜,
필박스,2018.0,명령에따른리콜,
필박스,2018.0,명령에따른리콜,
아이엔디,2021.0,명령에따른리콜,
아진,2021.0,명령에따른리콜,
아진,2015.0,명령에따른리콜,
성창에프앤지,2021.0,명령에따른리콜,
성창에프앤지,2020.0,명령에따른리콜,
이투컴,2021.0,명령에따른리콜,
이투컴,2020.0,명령에따른리콜,
디자인스튜디오영,2021.0,명령에따른리콜,
이랜드월드패션사업부,2021.0,명령에따른리콜,
이랜드월드패션사업부,2019.0,명령에따른리콜,
이랜드월드패션사업부,2017.0,명령에따른리콜,
이랜드월드패션사업부,2015.0,명령에따른리콜,
이랜드월드패션사업부,2015.0,명령에따른리콜,
이랜드월드패션사업부,2015.0,명령에따른리콜,
이랜드월드패션사업부,2013.0,명령에따른리콜,
백운옵틱,2021.0,명령에따른리콜,
백운옵틱,2021.0,명령에따른리콜,
뉴페이스옵틱,2021.0,명령에따른리콜,
오엔오옵티칼,2021.0,명령에따른리콜,
오름인터내셔널,2021.0,명령에따른리콜,
파스텔세상,2021.0,명령에따른리콜,
파스텔세상,2020.0,명령에따른리콜,
파스텔세상,2019.0,명령에따른리콜,
파스텔세상,2019.0,명령에따른리콜,
파스텔세상,2019.0,명령에따른리콜,
투게더플러스,2021.0,명령에따른리콜,
아이옷샵,2021.0,명령에따른리콜,
아이옷샵,2021.0,명령에따른리콜,
수성아이엔티,2021.0,명령에따른리콜,
지오이에스,2021.0,명령에따른리콜,
유지(UJI),2021.0,명령에따른리콜,
바닐라루시,2021.0,명령에따른리콜,
엘리스뮤직,2021.0,명령에따른리콜,
엘리스뮤직,2020.0,명령에따른리콜,
플랜룩스,2021.0,명령에따른리콜,
티앤에스트레이딩,2021.0,명령에따른리콜,
페스툴코리아유한회사,2021.0,자발적리콜,
미소로테크,2021.0,자발적리콜,
콜핑,2021.0,자발적리콜,
케이투코리아,2021.0,자발적리콜,
케이투코리아,2013.0,명령에따른리콜,
"FacebookTechnologies,LLC",2020.0,자발적리콜,
대성전자,2020.0,자발적리콜,
금호타이어,2020.0,명령에따른리콜,-1.0
홍진테크,2020.0,명령에따른리콜,
홍진테크,2020.0,명령에따른리콜,
홍진테크,2019.0,명령에따른리콜,
홍진테크,2018.0,자발적리콜,
홍진테크,2017.0,명령에따른리콜,
홍진테크,2016.0,명령에따른리콜,
홍진테크,2015.0,명령에따른리콜,
홍진테크,2015.0,명령에따른리콜,
삼우힐링라이프,2020.0,명령에따른리콜,
삼우힐링라이프,2019.0,명령에따른리콜,
삼우힐링라이프,2018.0,명령에따른리콜,
삼우힐링라이프,2018.0,명령에따른리콜,
제스파,2020.0,명령에따른리콜,
제스파,2017.0,자발적리콜,
에이포인트코리아,2020.0,명령에따른리콜,
바이퍼럭스,2020.0,명령에따른리콜,
바이퍼럭스,2020.0,명령에따른리콜,
바이퍼럭스,2019.0,명령에따른리콜,
한일의료기,2020.0,명령에따른리콜,
한일의료기,2020.0,명령에따른리콜,
한일의료기,2019.0,명령에따른리콜,
한일의료기,2019.0,명령에따른리콜,
한일의료기,2019.0,명령에따른리콜,
한일의료기,2018.0,명령에따른리콜,
한일의료기,2018.0,명령에따른리콜,
한일의료기,2017.0,명령에따른리콜,
한일의료기,2014.0,명령에따른리콜,
한일의료기,2014.0,명령에따른리콜,
오리온씨엔씨,2020.0,명령에따른리콜,
금풍전기산업,2020.0,명령에따른리콜,
금풍전기산업,2017.0,명령에따른리콜,
원팩,2020.0,명령에따른리콜,
태평양메디칼,2020.0,명령에따른리콜,
삼성인테리어조명,2020.0,명령에따른리콜,
삼성인테리어조명,2019.0,명령에따른리콜,
삼성인테리어조명,2016.0,명령에따른리콜,
한영상사,2020.0,명령에따른리콜,
한일메디칼,2020.0,명령에따른리콜,
한일메디칼,2019.0,명령에따른리콜,
디바제(dibase),2020.0,명령에따른리콜,
베스트조명,2020.0,명령에따른리콜,
베스트조명,2017.0,명령에따른리콜,
씨티전기,2020.0,명령에따른리콜,
씨티전기,2015.0,명령에따른리콜,
씨티전기,2015.0,명령에따른리콜,
씨티전기,2015.0,명령에따른리콜,
씨티전기,2015.0,명령에따른리콜,
씨티전기,2015.0,명령에따른리콜,
에스케이디엘이디,2020.0,명령에따른리콜,
에스케이디엘이디,2018.0,명령에따른리콜,
대한프라스틱,2020.0,명령에따른리콜,
대경프라스틱,2020.0,명령에따른리콜,
시호인터내셔날,2020.0,명령에따른리콜,
동성산업,2020.0,명령에따른리콜,
미래메디쿠스,2020.0,명령에따른리콜,
미래메디쿠스,2018.0,명령에따른리콜,
미래메디쿠스,2017.0,명령에따른리콜,
탑메디칼,2020.0,명령에따른리콜,
탑메디칼,2018.0,명령에따른리콜,
아이온컴퍼니,2020.0,명령에따른리콜,
대현화학공업,2020.0,명령에따른리콜,
플라잉타이거코리아,2020.0,명령에따른리콜,
플라잉타이거코리아,2019.0,명령에따른리콜,
플라잉타이거코리아,2019.0,명령에따른리콜,
플라잉타이거코리아,2019.0,자발적리콜,
플라잉타이거코리아,2019.0,자발적리콜,
플라잉타이거코리아,2018.0,명령에따른리콜,
플라잉타이거코리아,2018.0,명령에따른리콜,
플라잉타이거코리아,2018.0,명령에따른리콜,
플라잉타이거코리아,2018.0,명령에따른리콜,
수진글로벌,2020.0,명령에따른리콜,
율그란,2020.0,명령에따른리콜,
아이엔피,2020.0,명령에따른리콜,
아이엔피,2018.0,명령에따른리콜,
무토,2020.0,명령에따른리콜,
백운홈쇼핑,2020.0,명령에따른리콜,
매직캐슬,2020.0,명령에따른리콜,
영공방,2020.0,명령에따른리콜,
빅마스터,2020.0,명령에따른리콜,
반디,2020.0,명령에따른리콜,
이투컬렉션,2020.0,명령에따른리콜,
매몬스튜디오,2020.0,명령에따른리콜,
매몬스튜디오,2019.0,명령에따른리콜,
조엔,2020.0,명령에따른리콜,
세븐스타나이스,2020.0,명령에따른리콜,
느엘,2020.0,명령에따른리콜,
앤젤아이,2020.0,명령에따른리콜,
밤블루(bimbelot),2020.0,명령에따른리콜,
아이앤지,2020.0,명령에따른리콜,
발코니,2020.0,명령에따른리콜,
서울트레이딩,2020.0,명령에따른리콜,
베틀사,2020.0,명령에따른리콜,
베베,2020.0,명령에따른리콜,
디홀릭인터내셔널,2020.0,명령에따른리콜,
민국가구,2020.0,명령에따른리콜,
민국가구,2020.0,명령에따른리콜,
핸즈퍼니쳐,2020.0,명령에따른리콜,
제일상사,2020.0,명령에따른리콜,
지엠파트너,2020.0,명령에따른리콜,
위니아딤채,2020.0,자발적리콜,
코린토,2020.0,자발적리콜,
참조은산업,2020.0,명령에따른리콜,
참조은산업,2020.0,명령에따른리콜,
참인-코리아,2020.0,명령에따른리콜,
참인-코리아,2019.0,명령에따른리콜,
굿프렌드,2020.0,명령에따른리콜,
굿프렌드,2018.0,명령에따른리콜,
가포씨,2020.0,명령에따른리콜,
휴토피아,2020.0,명령에따른리콜,
세계유통,2020.0,명령에따른리콜,
세계유통,2016.0,명령에따른리콜,
아이플러스(iPlus),2020.0,명령에따른리콜,
코쿤(cocoon),2020.0,명령에따른리콜,
이앤오(L&O),2020.0,명령에따른리콜,
서흥인터내셔날,2020.0,명령에따른리콜,
SJ아르떼,2020.0,명령에따른리콜,
SJ아르떼,2016.0,명령에따른리콜,
종이나라,2020.0,명령에따른리콜,
종이나라,2019.0,명령에따른리콜,
종이나라,2019.0,명령에따른리콜,
종이나라,2019.0,명령에따른리콜,
종이나라,2019.0,명령에따른리콜,
종이나라,2019.0,명령에따른리콜,
종이나라,2019.0,명령에따른리콜,
종이나라,2019.0,명령에따른리콜,
종이나라,2017.0,명령에따른리콜,
종이나라,2016.0,명령에따른리콜,
엠케이에듀,2020.0,명령에따른리콜,
이종욱완구,2020.0,명령에따른리콜,
메디클라임,2020.0,명령에따른리콜,
메디클라임,2020.0,명령에따른리콜,
크링또,2020.0,명령에따른리콜,
크리스탈팬시,2020.0,명령에따른리콜,
크리스탈팬시,2019.0,명령에따른리콜,
크리스탈팬시,2019.0,명령에따른리콜,
크리스탈팬시,2019.0,명령에따른리콜,
팔레트슬라임,2020.0,명령에따른리콜,
미래와사람,2020.0,명령에따른리콜,
미래와사람,2019.0,명령에따른리콜,
미래와사람,2019.0,명령에따른리콜,
미래와사람,2019.0,명령에따른리콜,
미래와사람,2019.0,명령에따른리콜,
미래와사람,2019.0,명령에따른리콜,
미래와사람,2018.0,명령에따른리콜,
미래와사람,2018.0,명령에따른리콜,
미래와사람,2018.0,명령에따른리콜,
미래와사람,2018.0,명령에따른리콜,
미래와사람,2018.0,명령에따른리콜,
미래와사람,2018.0,명령에따른리콜,
미래와사람,2018.0,명령에따른리콜,
미래와사람,2018.0,명령에따른리콜,
대연엔터프라이즈,2020.0,명령에따른리콜,
더텐트(The텐트),2020.0,명령에따른리콜,
다온,2020.0,명령에따른리콜,
점핑앤점핑,2020.0,명령에따른리콜,
에스에이치코리아컴퍼니,2020.0,명령에따른리콜,
조이스포츠,2020.0,명령에따른리콜,
플레이벤처스,2020.0,명령에따른리콜,
토이원(TOYONE),2020.0,명령에따른리콜,
삼성출판사,2020.0,명령에따른리콜,
뉴평화스포츠,2020.0,명령에따른리콜,
아벤토,2020.0,명령에따른리콜,
그린전산,2020.0,명령에따른리콜,
그린전산,2019.0,명령에따른리콜,
두현일렉,2020.0,명령에따른리콜,
두현일렉,2019.0,명령에따른리콜,
두현일렉,2015.0,명령에따른리콜,
하늘컴,2020.0,명령에따른리콜,
하늘컴,2016.0,명령에따른리콜,
벤하임코리아,2020.0,명령에따른리콜,
창조테크,2020.0,명령에따른리콜,
한승,2020.0,명령에따른리콜,
한승,2020.0,명령에따른리콜,
한승,2018.0,명령에따른리콜,
한승,2017.0,명령에따른리콜,
한승,2017.0,명령에따른리콜,
한승,2017.0,명령에따른리콜,
한승,2016.0,명령에따른리콜,
한승,2016.0,명령에따른리콜,
유니크라이트,2020.0,명령에따른리콜,
에어텍시스템,2020.0,명령에따른리콜,
디지탈조명,2020.0,명령에따른리콜,
아이산업,2020.0,명령에따른리콜,
아이산업,2020.0,자발적리콜,
아이산업,2015.0,명령에따른리콜,
아이산업,2015.0,명령에따른리콜,
모나코올리브,2020.0,명령에따른리콜,
히키스,2020.0,명령에따른리콜,
비스비바,2020.0,명령에따른리콜,
에덴샵,2020.0,명령에따른리콜,
오하임아이엔티,2020.0,명령에따른리콜,
상일리베가구,2020.0,명령에따른리콜,
히트가구,2020.0,명령에따른리콜,
대진무역,2020.0,명령에따른리콜,
리센,2020.0,명령에따른리콜,
플랜데코,2020.0,명령에따른리콜,
웨스트프롬,2020.0,명령에따른리콜,
선우실업,2020.0,명령에따른리콜,
일화산업,2020.0,명령에따른리콜,
미래스피드해운항공,2020.0,명령에따른리콜,
성광옵틱,2020.0,명령에따른리콜,
강남옵틱,2020.0,명령에따른리콜,
언커먼키즈,2020.0,명령에따른리콜,
홀릭아이웨어,2020.0,명령에따른리콜,
성광사,2020.0,명령에따른리콜,
라포르인터내셔널,2020.0,명령에따른리콜,
글로벌세인트,2020.0,명령에따른리콜,
글로벌세인트,2020.0,명령에따른리콜,
인태니아이,2020.0,명령에따른리콜,
힐링비트,2020.0,명령에따른리콜,
아론물산,2020.0,명령에따른리콜,
맘러브스유,2020.0,명령에따른리콜,
"비앤씨,ningbounionvisionimp&expco.,ltd",2020.0,명령에따른리콜,
예샘,2020.0,명령에따른리콜,
더펀즈,2020.0,명령에따른리콜,
코너스톤에스에이치,2020.0,명령에따른리콜,
올림포스,2020.0,명령에따른리콜,
메디블루,2020.0,명령에따른리콜,
와니월드,2020.0,명령에따른리콜,
와니월드,2019.0,명령에따른리콜,
해브잇올,2020.0,명령에따른리콜,
데카트론코리아,2020.0,자발적리콜,
데카트론코리아,2020.0,자발적리콜,
데카트론코리아,2019.0,자발적리콜,
데카트론코리아,2019.0,자발적리콜,
데카트론코리아,2018.0,자발적리콜,
썬차일드,2020.0,명령에따른리콜,
프라임사이언스,2020.0,명령에따른리콜,
주은교육,2020.0,명령에따른리콜,
향앤미과학,2020.0,명령에따른리콜,
창의와놀이,2020.0,명령에따른리콜,
포디랜드,2020.0,명령에따른리콜,
포디랜드,2020.0,명령에따른리콜,
신광사,2020.0,명령에따른리콜,
신광사,2015.0,명령에따른리콜,
신광사,2015.0,명령에따른리콜,
신광사,2015.0,명령에따른리콜,
신광사,2014.0,명령에따른리콜,
신광사,2014.0,명령에따른리콜,
길에듀월드,2020.0,명령에따른리콜,
레드포인트,2020.0,명령에따른리콜,
스포타임,2020.0,명령에따른리콜,
해피프랜즈,2020.0,명령에따른리콜,
해피프랜즈,2020.0,명령에따른리콜,
대성상사,2020.0,명령에따른리콜,
대성상사,2020.0,명령에따른리콜,
대성상사,2019.0,명령에따른리콜,
베스타,2020.0,명령에따른리콜,
프랜즈코리아,2020.0,명령에따른리콜,
프랜즈코리아,2020.0,명령에따른리콜,
프랜즈코리아,2019.0,명령에따른리콜,
프랜즈코리아,2019.0,명령에따른리콜,
프랜즈코리아,2019.0,명령에따른리콜,
프랜즈코리아,2019.0,명령에따른리콜,
프랜즈코리아,2019.0,명령에따른리콜,
프랜즈코리아,2019.0,명령에따른리콜,
프랜즈코리아,2019.0,명령에따른리콜,
프랜즈코리아,2018.0,명령에따른리콜,
프랜즈코리아,2018.0,명령에따른리콜,
프랜즈코리아,2018.0,명령에따른리콜,
프랜즈코리아,2018.0,명령에따른리콜,
프랜즈코리아,2018.0,명령에따른리콜,
프랜즈코리아,2018.0,명령에따른리콜,
프랜즈코리아,2018.0,명령에따른리콜,
프랜즈코리아,2018.0,명령에따른리콜,
프랜즈코리아,2018.0,명령에따른리콜,
프랜즈코리아,2018.0,명령에따른리콜,
프랜즈코리아,2018.0,명령에따른리콜,
프랜즈코리아,2018.0,명령에따른리콜,
프랜즈코리아,2018.0,명령에따른리콜,
프랜즈코리아,2018.0,명령에따른리콜,
프랜즈코리아,2018.0,명령에따른리콜,
금홍팬시,2020.0,명령에따른리콜,
금홍팬시,2020.0,명령에따른리콜,
스엔코,2020.0,자발적리콜,
스엔코,2019.0,자발적리콜,
LG전자,2020.0,자발적리콜,-1.0
오엔케이알트레이딩,2020.0,명령에따른리콜,
오엔케이알트레이딩,2020.0,명령에따른리콜,
오엔케이알트레이딩,2020.0,명령에따른리콜,
엠케이,2020.0,명령에따른리콜,
파프개,2020.0,명령에따른리콜,
JS무역,2020.0,명령에따른리콜,
두로카리스마,2020.0,명령에따른리콜,
두로카리스마,2016.0,명령에따른리콜,
두로카리스마,2015.0,명령에따른리콜,
두로카리스마,2013.0,명령에따른리콜,
코지트리,2020.0,명령에따른리콜,
코지트리,2020.0,명령에따른리콜,
케이에스몰,2020.0,명령에따른리콜,
서광산업,2020.0,명령에따른리콜,
하이벨,2020.0,명령에따른리콜,
하이벨,2017.0,명령에따른리콜,
나노전자,2020.0,명령에따른리콜,
이지앤,2020.0,명령에따른리콜,
펄튼코리아,2020.0,명령에따른리콜,
제이엔지코리아,2020.0,명령에따른리콜,
제이엔지코리아,2020.0,명령에따른리콜,
제이엔지코리아,2020.0,명령에따른리콜,
제이엔지코리아,2020.0,명령에따른리콜,
알제이디,2020.0,명령에따른리콜,
이현어패럴,2020.0,명령에따른리콜,
시우스포츠,2020.0,명령에따른리콜,
인터토이,2020.0,명령에따른리콜,
디보트,2020.0,명령에따른리콜,
디보트,2019.0,명령에따른리콜,
지일무역,2020.0,명령에따른리콜,
지일무역,2020.0,명령에따른리콜,
지일무역,2013.0,명령에따른리콜,
무인양품,2020.0,명령에따른리콜,
무인양품,2016.0,자발적리콜,
무인양품,2015.0,자발적리콜,
아이블에프앤씨,2020.0,명령에따른리콜,
월드토이,2020.0,명령에따른리콜,
휠라코리아,2020.0,명령에따른리콜,
휠라코리아,2019.0,명령에따른리콜,
휠라코리아,2017.0,명령에따른리콜,
익스트림제이제이,2020.0,명령에따른리콜,
에스투이인터내셔널,2020.0,명령에따른리콜,
에스투이인터내셔널,2020.0,명령에따른리콜,
에스투이인터내셔널,2018.0,명령에따른리콜,
"베이비토마토(폐업),베베랑(판매자)",2020.0,명령에따른리콜,
플레이지,2020.0,명령에따른리콜,
동성제모사,2020.0,명령에따른리콜,
동성제모사,2015.0,명령에따른리콜,
엘림인터내셔널,2020.0,명령에따른리콜,
삼진인터내셔널,2020.0,명령에따른리콜,
동인SMT,2020.0,명령에따른리콜,
에스케이토이즈,2020.0,명령에따른리콜,
에스케이토이즈,2019.0,명령에따른리콜,
정산,2020.0,자발적리콜,
에이피에스테크,2020.0,자발적리콜,
쁘띠마몽,2020.0,명령에따른리콜,
성은테크,2020.0,명령에따른리콜,
씨티오,2020.0,명령에따른리콜,
씨티오,2020.0,명령에따른리콜,
라루체,2020.0,명령에따른리콜,
라루체,2015.0,명령에따른리콜,
제이킨,2020.0,명령에따른리콜,
루체테,2020.0,명령에따른리콜,
다이조아,2020.0,명령에따른리콜,
이엠케이트레이딩코퍼레이션,2020.0,명령에따른리콜,
모모스,2020.0,명령에따른리콜,
케이엘테크,2020.0,명령에따른리콜,
서프라이즈월드,2020.0,명령에따른리콜,
서프라이즈월드,2019.0,명령에따른리콜,
서프라이즈월드,2016.0,명령에따른리콜,
엘이디헤븐,2020.0,명령에따른리콜,
레드일렉트릭,2020.0,명령에따른리콜,
SG싸인텍,2020.0,명령에따른리콜,
SG싸인텍,2020.0,명령에따른리콜,
아이엔에스엔터프라이즈,2020.0,명령에따른리콜,
이푸른인터내셔널,2020.0,명령에따른리콜,
PRG코리아,2020.0,명령에따른리콜,
아이티스퀘어,2020.0,명령에따른리콜,
엔도젠,2020.0,명령에따른리콜,
런스카이,2020.0,명령에따른리콜,
잼버스코리아,2020.0,명령에따른리콜,
(제품)두드림M&B(인증)한강제이케이시,2020.0,명령에따른리콜,
명인랜드,2020.0,명령에따른리콜,
명인랜드,2019.0,명령에따른리콜,
아이앤나무,2020.0,명령에따른리콜,
아이알,2020.0,명령에따른리콜,
다시스,2020.0,명령에따른리콜,
조이파트너스,2020.0,명령에따른리콜,
에이케이,2020.0,명령에따른리콜,
에이케이,2020.0,명령에따른리콜,
에이케이,2018.0,명령에따른리콜,
엠버,2020.0,명령에따른리콜,
디스,2020.0,명령에따른리콜,
JOGKOREA,2020.0,명령에따른리콜,
베베마루,2020.0,명령에따른리콜,
베쏭쥬쥬,2020.0,명령에따른리콜,
베쏭쥬쥬,2020.0,명령에따른리콜,
베쏭쥬쥬,2019.0,명령에따른리콜,
베쏭쥬쥬,2017.0,명령에따른리콜,
베쏭쥬쥬,2017.0,명령에따른리콜,
롤링스타,2020.0,명령에따른리콜,
베이비블리,2020.0,명령에따른리콜,
한샘,2020.0,자발적리콜,-1.0
한샘,2017.0,권고에따른리콜,-1.0
한샘,2016.0,자발적리콜,-1.0
아올로,2020.0,명령에따른리콜,
더로프,2020.0,명령에따른리콜,
스토케코리아유한회사,2020.0,자발적리콜,
이지케이,2020.0,명령에따른리콜,
이지케이,2019.0,명령에따른리콜,
이지케이,2018.0,명령에따른리콜,
라이트닝굿,2020.0,명령에따른리콜,
에이유테크,2020.0,명령에따른리콜,
에이유테크,2019.0,명령에따른리콜,
노바무역,2020.0,명령에따른리콜,
주영상사,2020.0,명령에따른리콜,
베베니즈,2020.0,명령에따른리콜,
POPCORNF&T,2020.0,명령에따른리콜,
진우코리아,2020.0,명령에따른리콜,
예현,2020.0,명령에따른리콜,
스튜디오8,2020.0,명령에따른리콜,
인효교재악기,2020.0,명령에따른리콜,
명창악기,2020.0,명령에따른리콜,
메이드파파,2020.0,명령에따른리콜,
호호코리아,2020.0,명령에따른리콜,
케이티무역,2020.0,명령에따른리콜,
J.C물산,2020.0,명령에따른리콜,
"VICFCo.,Ltd.",2020.0,명령에따른리콜,
보니앤코,2020.0,명령에따른리콜,
유니프린,2020.0,명령에따른리콜,
포커스글로벌,2020.0,명령에따른리콜,
에스에스플래닛,2020.0,명령에따른리콜,
블레싱포유,2020.0,명령에따른리콜,
한국엡손,2020.0,자발적리콜,
지티지엔터프라이즈,2020.0,명령에따른리콜,
지티지엔터프라이즈,2015.0,명령에따른리콜,
지티지엔터프라이즈,2015.0,명령에따른리콜,
레보스타,2020.0,명령에따른리콜,
태성상사,2020.0,명령에따른리콜,
태성상사,2019.0,명령에따른리콜,
원테크,2020.0,명령에따른리콜,
원테크,2018.0,명령에따른리콜,
한일,2020.0,명령에따른리콜,
대상의료기,2020.0,명령에따른리콜,
대상의료기,2018.0,명령에따른리콜,
동부이지텍,2020.0,명령에따른리콜,
포스아트,2019.0,명령에따른리콜,
놀이과학사,2019.0,명령에따른리콜,
올품스토어,2019.0,명령에따른리콜,
리드원코스메틱,2019.0,명령에따른리콜,
로로샵,2019.0,명령에따른리콜,
쓰리제이알,2019.0,명령에따른리콜,
파란들,2019.0,명령에따른리콜,
파란들,2019.0,명령에따른리콜,
모르포,2019.0,명령에따른리콜,
루젠,2019.0,명령에따른리콜,
에이치앤씨,2019.0,명령에따른리콜,
블루초이스,2019.0,명령에따른리콜,
아이리스코리아,2019.0,명령에따른리콜,
한스전자,2019.0,명령에따른리콜,
엠엔지이,2019.0,명령에따른리콜,
레저피아,2019.0,명령에따른리콜,
한불산업,2019.0,명령에따른리콜,
디앤씨전지,2019.0,명령에따른리콜,
에스아이조명,2019.0,명령에따른리콜,
샛별하우스,2019.0,명령에따른리콜,
세영,2019.0,명령에따른리콜,
우공사,2019.0,명령에따른리콜,
우공사,2017.0,자발적리콜,
엘이디라이테크,2019.0,명령에따른리콜,
인테크라이팅,2019.0,명령에따른리콜,
수호조명,2019.0,명령에따른리콜,
조일기전,2019.0,명령에따른리콜,
디자인,2019.0,명령에따른리콜,
디자인,2016.0,명령에따른리콜,
포벨(FOBEL),2019.0,명령에따른리콜,
요이치,2019.0,명령에따른리콜,
삼원에스파,2019.0,명령에따른리콜,
삼원에스파,2019.0,명령에따른리콜,
삼원에스파,2019.0,명령에따른리콜,
한일온돌과학,2019.0,명령에따른리콜,
한일온돌과학,2019.0,명령에따른리콜,
한일온돌과학,2019.0,명령에따른리콜,
한일온돌과학,2016.0,명령에따른리콜,
(유)한일온열기,2019.0,명령에따른리콜,
한미홈케어,2019.0,명령에따른리콜,
신우,2019.0,명령에따른리콜,
신우,2018.0,명령에따른리콜,
진흥전자,2019.0,명령에따른리콜,
엠디프라임,2019.0,명령에따른리콜,
엠디프라임,2019.0,명령에따른리콜,
엠디프라임,2015.0,명령에따른리콜,
한국천기권의료기,2019.0,명령에따른리콜,
케이씨원,2019.0,명령에따른리콜,
소프트룸,2019.0,명령에따른리콜,
쥬쥬환타지,2019.0,명령에따른리콜,
제이콘텐츠,2019.0,명령에따른리콜,
제이제이몰,2019.0,명령에따른리콜,
큰숲,2019.0,명령에따른리콜,
오렌지몰s,2019.0,명령에따른리콜,
제제뉴,2019.0,명령에따른리콜,
쁘띠코코,2019.0,명령에따른리콜,
세비아,2019.0,명령에따른리콜,
아이소바,2019.0,명령에따른리콜,
YESDESIGN,2019.0,명령에따른리콜,
더네이쳐홀딩스,2019.0,명령에따른리콜,
베이비엔젤,2019.0,명령에따른리콜,
베이비엔젤,2017.0,명령에따른리콜,
보광무역/아가방앤컴퍼니,2019.0,명령에따른리콜,
보드레침대,2019.0,명령에따른리콜,
프라비다,2019.0,명령에따른리콜,
블랙야크,2019.0,명령에따른리콜,
블랙야크,2019.0,명령에따른리콜,
블랙야크,2019.0,명령에따른리콜,
디에스피,2019.0,명령에따른리콜,
디에스피,2019.0,명령에따른리콜,
가구타운,2019.0,명령에따른리콜,
가구타운,2014.0,명령에따른리콜,
경북,2019.0,명령에따른리콜,
하이솔로몬,2019.0,명령에따른리콜,
미지코퍼레이션,2019.0,명령에따른리콜,
제이에스티나,2019.0,명령에따른리콜,
앙뜨제이,2019.0,명령에따른리콜,
승지엠,2019.0,명령에따른리콜,
신아인터네셔날,2019.0,명령에따른리콜,
제이씨물산,2019.0,명령에따른리콜,
제이씨물산,2017.0,명령에따른리콜,
제이씨물산,2016.0,명령에따른리콜,
제이씨물산,2016.0,명령에따른리콜,
제이씨물산,2016.0,명령에따른리콜,
제이씨물산,2016.0,명령에따른리콜,
제이씨물산,2016.0,명령에따른리콜,
토박스코리아,2019.0,명령에따른리콜,
토박스코리아,2019.0,명령에따른리콜,
토박스코리아,2017.0,명령에따른리콜,
미니토,2019.0,명령에따른리콜,
유성모자,2019.0,명령에따른리콜,
메종드제이에스,2019.0,명령에따른리콜,
하이프스,2019.0,명령에따른리콜,
꼬망스,2019.0,명령에따른리콜,
꼬망스,2017.0,명령에따른리콜,
꼬망스,2016.0,명령에따른리콜,
꼬망스,2015.0,명령에따른리콜,
꼬망스,2015.0,명령에따른리콜,
지오인터내셔널,2019.0,명령에따른리콜,
해송,2019.0,명령에따른리콜,
팬지데이지,2019.0,명령에따른리콜,
우토판매,2019.0,명령에따른리콜,
월드스타토이,2019.0,명령에따른리콜,
사이언스타임,2019.0,명령에따른리콜,
코미하우스,2019.0,명령에따른리콜,
레인보우콘텐츠그룹,2019.0,명령에따른리콜,
슬코,2019.0,명령에따른리콜,
코코슬라임,2019.0,명령에따른리콜,
H코스메틱,2019.0,명령에따른리콜,
다미스,2019.0,명령에따른리콜,
다미스,2019.0,명령에따른리콜,
다미스,2019.0,명령에따른리콜,
다미스,2019.0,명령에따른리콜,
두부슬라임,2019.0,명령에따른리콜,
두부슬라임,2019.0,명령에따른리콜,
두부슬라임,2019.0,명령에따른리콜,
두부슬라임,2019.0,명령에따른리콜,
아이비젼,2019.0,명령에따른리콜,
아이비젼,2019.0,명령에따른리콜,
아이비젼,2019.0,명령에따른리콜,
아이비젼,2017.0,명령에따른리콜,
보다,2019.0,명령에따른리콜,
보다,2019.0,명령에따른리콜,
보다,2019.0,명령에따른리콜,
보다,2019.0,명령에따른리콜,
보다,2019.0,명령에따른리콜,
콩부인마켓,2019.0,명령에따른리콜,
콩부인마켓,2019.0,명령에따른리콜,
콩부인마켓,2019.0,명령에따른리콜,
콩부인마켓,2019.0,명령에따른리콜,
콩부인마켓,2019.0,명령에따른리콜,
페어코스트,2019.0,명령에따른리콜,
페어코스트,2019.0,명령에따른리콜,
페어코스트,2019.0,명령에따른리콜,
페어코스트,2019.0,명령에따른리콜,
페어코스트,2019.0,명령에따른리콜,
제이쥬얼,2019.0,명령에따른리콜,
제이쥬얼,2019.0,명령에따른리콜,
제이쥬얼,2019.0,명령에따른리콜,
제이쥬얼,2019.0,명령에따른리콜,
제이쥬얼,2019.0,명령에따른리콜,
러브미슬라임,2019.0,명령에따른리콜,
러브미슬라임,2019.0,명령에따른리콜,
러브미슬라임,2019.0,명령에따른리콜,
러브미슬라임,2019.0,명령에따른리콜,
러브미슬라임,2019.0,명령에따른리콜,
푸른팬시,2019.0,명령에따른리콜,
푸른팬시,2019.0,명령에따른리콜,
푸른팬시,2019.0,명령에따른리콜,
푸른팬시,2019.0,명령에따른리콜,
푸른팬시,2019.0,명령에따른리콜,
푸른팬시,2018.0,명령에따른리콜,
푸른팬시,2018.0,명령에따른리콜,
푸른팬시,2018.0,명령에따른리콜,
푸른팬시,2018.0,명령에따른리콜,
푸른팬시,2015.0,명령에따른리콜,
푸른팬시,2014.0,명령에따른리콜,
하늘무역,2019.0,명령에따른리콜,
하늘무역,2019.0,명령에따른리콜,
하늘무역,2019.0,명령에따른리콜,
하늘무역,2019.0,명령에따른리콜,
하늘무역,2019.0,명령에따른리콜,
하늘무역,2018.0,명령에따른리콜,
하늘무역,2015.0,명령에따른리콜,
도너랜드,2019.0,명령에따른리콜,
도너랜드,2019.0,명령에따른리콜,
도너랜드,2019.0,명령에따른리콜,
도너랜드,2019.0,명령에따른리콜,
도너랜드,2019.0,명령에따른리콜,
도너랜드,2018.0,명령에따른리콜,
해바라기,2019.0,명령에따른리콜,
해바라기,2019.0,명령에따른리콜,
해바라기,2019.0,명령에따른리콜,
유에스어페럴,2019.0,명령에따른리콜,
클라이블,2019.0,명령에따른리콜,
홈케어,2019.0,명령에따른리콜,
명문이지팜,2019.0,명령에따른리콜,
법무법인광장,2019.0,자발적리콜,
법무법인광장,2019.0,자발적리콜,
법무법인광장,2019.0,자발적리콜,
법무법인광장,2016.0,자발적리콜,
(유)그룹세브코리아,2019.0,자발적리콜,
씨앤드제이인터내셔널,2019.0,자발적리콜,
제일에프앤에스,2019.0,자발적리콜,
에스아이엘,2019.0,자발적리콜,
PLSports,2019.0,자발적리콜,
PLSports,2019.0,자발적리콜,
컴퍼니이즈,2019.0,명령에따른리콜,
e세이브,2019.0,명령에따른리콜,
퀄리스포츠코리아,2019.0,명령에따른리콜,
강원전자,2019.0,자발적리콜,
B&S,2019.0,명령에따른리콜,
지엠인터내셔널,2019.0,명령에따른리콜,
플러벤스,2019.0,명령에따른리콜,
베이직팩토리,2019.0,명령에따른리콜,
리빙디자인연구소,2019.0,명령에따른리콜,
스포컴,2019.0,명령에따른리콜,
스포컴,2019.0,명령에따른리콜,
스포컴,2019.0,명령에따른리콜,
한우리,2019.0,명령에따른리콜,
한우리,2019.0,명령에따른리콜,
그린(Green),2019.0,명령에따른리콜,
베스트웨이코리아,2019.0,명령에따른리콜,
베스트웨이코리아,2019.0,명령에따른리콜,
고은생활,2019.0,명령에따른리콜,
글로벌라이센싱,2019.0,명령에따른리콜,
글로벌라이센싱,2015.0,명령에따른리콜,
팬시로비,2019.0,명령에따른리콜,
팬시로비,2016.0,명령에따른리콜,
아이티알,2019.0,명령에따른리콜,
아이티알,2019.0,명령에따른리콜,
제이투인터내셔날,2019.0,명령에따른리콜,
카파코리아,2019.0,명령에따른리콜,
배럴,2019.0,명령에따른리콜,
동인인터내셔날,2019.0,명령에따른리콜,
동인인터내셔날,2018.0,명령에따른리콜,
아기자리,2019.0,명령에따른리콜,
금목가구,2019.0,명령에따른리콜,
라피네하우징,2019.0,명령에따른리콜,
플라스틱캔디,2019.0,명령에따른리콜,
베이비핏,2019.0,명령에따른리콜,
에이피오13,2019.0,명령에따른리콜,
플랜티어,2019.0,명령에따른리콜,
도도코리아,2019.0,명령에따른리콜,
도도코리아,2019.0,명령에따른리콜,
도도코리아,2019.0,명령에따른리콜,
도도코리아,2018.0,명령에따른리콜,
희망노트사,2019.0,명령에따른리콜,
희망노트사,2018.0,명령에따른리콜,
유아의자,2019.0,명령에따른리콜,
조이어스,2019.0,명령에따른리콜,
조이어스,2018.0,명령에따른리콜,
SF유통,2019.0,명령에따른리콜,
SF코퍼레이션,2019.0,명령에따른리콜,
앨리스디자인,2019.0,명령에따른리콜,
앨리스디자인,2018.0,명령에따른리콜,
앨리스디자인,2018.0,명령에따른리콜,
앨리스디자인,2018.0,명령에따른리콜,
앨리스디자인,2018.0,명령에따른리콜,
앨리스디자인,2018.0,명령에따른리콜,
앨리스디자인,2017.0,명령에따른리콜,
타이디트레이드,2019.0,명령에따른리콜,
키움하우스,2019.0,명령에따른리콜,
한스컴퍼니,2019.0,명령에따른리콜,
경북실업,2019.0,명령에따른리콜,
대성정조,2019.0,명령에따른리콜,
디에스트레이딩코리아,2019.0,명령에따른리콜,
AppleInc.,2019.0,자발적리콜,
여우미,2019.0,자발적리콜,
여우미,2017.0,명령에따른리콜,
지엘앤코,2019.0,자발적리콜,
마텔코리아서비스(유),2019.0,자발적리콜,
젠트레이드,2019.0,명령에따른리콜,
생활낙원,2019.0,명령에따른리콜,
인터트레이드앤테크놀로지스코리아,2019.0,명령에따른리콜,
블랙다이아몬드코리아,2019.0,명령에따른리콜,
보성메디케어,2019.0,명령에따른리콜,
굿모닝코리아유통,2019.0,명령에따른리콜,
굿모닝코리아유통,2018.0,명령에따른리콜,
삼국,2019.0,명령에따른리콜,
크레용아이,2019.0,명령에따른리콜,
신일산업,2019.0,명령에따른리콜,
후지이엘티,2019.0,명령에따른리콜,
신화셀렉스,2019.0,명령에따른리콜,
홈니즈,2019.0,명령에따른리콜,
서현플라자,2019.0,명령에따른리콜,
비즈포비즈,2019.0,명령에따른리콜,
대동에프앤디,2019.0,명령에따른리콜,
메디칼드림,2019.0,명령에따른리콜,
동일조명,2019.0,명령에따른리콜,
동일조명,2017.0,명령에따른리콜,
이비아이,2019.0,명령에따른리콜,
오키,2019.0,명령에따른리콜,
디엔에이,2019.0,명령에따른리콜,
대성인터내셔날,2019.0,명령에따른리콜,
쎄븐솔루션(SEVENsolution),2019.0,명령에따른리콜,
스닉스전자,2019.0,명령에따른리콜,
제이씨앤씨,2019.0,명령에따른리콜,
미래통상,2019.0,명령에따른리콜,
선일전기,2019.0,명령에따른리콜,
드레아,2019.0,명령에따른리콜,
한양의료기,2019.0,명령에따른리콜,
한양의료기,2018.0,명령에따른리콜,
한양의료기,2014.0,자발적리콜,
비즈제이,2019.0,명령에따른리콜,
엠톡네트웍스,2019.0,명령에따른리콜,
서진옵티칼,2019.0,명령에따른리콜,
에스씨코리아,2019.0,명령에따른리콜,
한형F&K,2019.0,명령에따른리콜,
아이리스지유,2019.0,명령에따른리콜,
헬로아이,2019.0,명령에따른리콜,
태전,2019.0,명령에따른리콜,
더켈리컴퍼니,2019.0,명령에따른리콜,
삼원색,2019.0,명령에따른리콜,
삼원색,2016.0,명령에따른리콜,
삼원색,2015.0,명령에따른리콜,
에프앤케이,2019.0,명령에따른리콜,
에프앤케이,2016.0,명령에따른리콜,
에프앤케이,2016.0,명령에따른리콜,
에프앤케이,2013.0,명령에따른리콜,
에스디스피드,2019.0,명령에따른리콜,
에스디스피드,2018.0,명령에따른리콜,
SKIDONKOREALTD(스키드온코리아),2019.0,명령에따른리콜,
SKIDONKOREALTD(스키드온코리아),2019.0,명령에따른리콜,
퍼니스포츠,2019.0,명령에따른리콜,
돈키호테,2019.0,명령에따른리콜,
백효정아기띠,2019.0,명령에따른리콜,
거목인터네셔날,2019.0,명령에따른리콜,
카라멜팝콘,2019.0,명령에따른리콜,
카라멜팝콘,2018.0,명령에따른리콜,
카라멜팝콘,2018.0,명령에따른리콜,
카라멜팝콘,2018.0,명령에따른리콜,
카라멜팝콘,2018.0,명령에따른리콜,
카라멜팝콘,2018.0,명령에따른리콜,
카라멜팝콘,2018.0,명령에따른리콜,
카라멜팝콘,2018.0,명령에따른리콜,
카라멜팝콘,2018.0,명령에따른리콜,
카라멜팝콘,2018.0,명령에따른리콜,
카라멜팝콘,2018.0,명령에따른리콜,
카라멜팝콘,2018.0,명령에따른리콜,
카라멜팝콘,2018.0,명령에따른리콜,
굿베이비,2019.0,명령에따른리콜,
구름과환경,2019.0,명령에따른리콜,
하이레포츠,2019.0,명령에따른리콜,
성보,2019.0,명령에따른리콜,
썬앤토이,2019.0,명령에따른리콜,
아이엠제이에스,2019.0,명령에따른리콜,
유한회사에이치아이,2019.0,명령에따른리콜,
코니아이엔씨,2019.0,명령에따른리콜,
E.Y.Enterprise,2019.0,명령에따른리콜,
자석나라,2019.0,명령에따른리콜,
티블루,2019.0,명령에따른리콜,
베이비캠프,2019.0,명령에따른리콜,
베이비캠프,2017.0,명령에따른리콜,
나이스토이,2019.0,명령에따른리콜,
국민교육사,2019.0,명령에따른리콜,
국민교육사,2016.0,명령에따른리콜,
대신전자,2019.0,명령에따른리콜,
대신전자,2018.0,명령에따른리콜,
대신전자,2013.0,명령에따른리콜,
제이유니트,2019.0,명령에따른리콜,
아트비,2019.0,명령에따른리콜,
다요앤,2019.0,명령에따른리콜,
키즈블랑,2019.0,명령에따른리콜,
아이끌레,2019.0,명령에따른리콜,
비에스코리아,2019.0,명령에따른리콜,
하임앤헷세드,2019.0,명령에따른리콜,
모와부,2019.0,명령에따른리콜,
모와부,2019.0,명령에따른리콜,
세경사,2019.0,명령에따른리콜,
삼성공업,2019.0,자발적리콜,
엄군패키지,2019.0,명령에따른리콜,
더원엘이디,2019.0,명령에따른리콜,
다성하이테크,2019.0,명령에따른리콜,
파룩스,2019.0,명령에따른리콜,
파룩스,2017.0,명령에따른리콜,
파룩스,2017.0,명령에따른리콜,
파룩스,2017.0,명령에따른리콜,
파룩스,2016.0,명령에따른리콜,
파룩스,2016.0,명령에따른리콜,
파룩스,2016.0,명령에따른리콜,
파룩스,2015.0,명령에따른리콜,
파나룩스,2019.0,명령에따른리콜,
대도엘이디,2019.0,명령에따른리콜,
제로조명,2019.0,명령에따른리콜,
나오테크,2019.0,명령에따른리콜,
이던,2019.0,명령에따른리콜,
곰표한일전자,2019.0,명령에따른리콜,
곰표한일전자,2014.0,명령에따른리콜,
샤프메즈,2019.0,명령에따른리콜,
닥터웰,2019.0,명령에따른리콜,
닥터웰,2018.0,명령에따른리콜,
닥터웰,2018.0,명령에따른리콜,
닥터웰,2018.0,명령에따른리콜,
성진에이블,2019.0,명령에따른리콜,
성진에이블,2018.0,명령에따른리콜,
성진에이블,2018.0,명령에따른리콜,
성진에이블,2017.0,자발적리콜,
성진에이블,2017.0,자발적리콜,
성진에이블,2013.0,명령에따른리콜,
토황토,2019.0,명령에따른리콜,
토황토,2017.0,명령에따른리콜,
일산통상,2019.0,명령에따른리콜,
한일트랜스,2019.0,명령에따른리콜,
김앤김전자,2019.0,명령에따른리콜,
진성에프앤디,2019.0,명령에따른리콜,
안온,2019.0,명령에따른리콜,
디자인벤처스,2019.0,명령에따른리콜,
바스포르OEM,2019.0,명령에따른리콜,
대신무역,2019.0,명령에따른리콜,
성박,2019.0,명령에따른리콜,
코리아케어서프라이,2019.0,명령에따른리콜,
희성SP,2019.0,명령에따른리콜,
이고진,2019.0,명령에따른리콜,
인다인,2019.0,명령에따른리콜,
인다인,2017.0,명령에따른리콜,
이연산업,2019.0,명령에따른리콜,
스케처스코리아,2019.0,명령에따른리콜,
이마이크로,2019.0,명령에따른리콜,
비앤피,2019.0,명령에따른리콜,
선우코리아,2019.0,명령에따른리콜,
트리,2019.0,명령에따른리콜,
트리,2018.0,명령에따른리콜,
재준,2019.0,명령에따른리콜,
위컴,2019.0,명령에따른리콜,
미듬,2019.0,자발적리콜,
에이치피코리아유한회사,2019.0,자발적리콜,
에이치피코리아유한회사,2018.0,자발적리콜,
에이치피코리아유한회사,2017.0,자발적리콜,
에이치피코리아유한회사,2016.0,자발적리콜,
파크론,2019.0,자발적리콜,
파크론,2018.0,자발적리콜,
더엠파이어,2018.0,명령에따른리콜,
로베리,2018.0,명령에따른리콜,
마틸다엔와이,2018.0,명령에따른리콜,
레벤,2018.0,명령에따른리콜,
코지데이,2018.0,명령에따른리콜,
티비에이,2018.0,명령에따른리콜,
Kelivi,2018.0,명령에따른리콜,
하로월드,2018.0,명령에따른리콜,
비비즈,2018.0,명령에따른리콜,
비비즈,2016.0,명령에따른리콜,
비비즈,2015.0,명령에따른리콜,
이젠칼라,2018.0,명령에따른리콜,
크라운볼펜,2018.0,명령에따른리콜,
동아연필,2018.0,명령에따른리콜,
대진산업,2018.0,명령에따른리콜,
케이엠엘리,2018.0,명령에따른리콜,
원앤원,2018.0,명령에따른리콜,
토이앤퍼즐,2018.0,명령에따른리콜,
토이앤퍼즐,2015.0,명령에따른리콜,
미미월드,2018.0,명령에따른리콜,
미미월드,2018.0,명령에따른리콜,
미미월드,2018.0,명령에따른리콜,
미미월드,2015.0,명령에따른리콜,
큐비앤맘,2018.0,명령에따른리콜,
큐비앤맘,2015.0,명령에따른리콜,
스카디아,2018.0,명령에따른리콜,
세비실업,2018.0,명령에따른리콜,
(유)플러스,2018.0,명령에따른리콜,
쁘레베베,2018.0,명령에따른리콜,
쥬얼리팬시,2018.0,명령에따른리콜,
에이위즈,2018.0,명령에따른리콜,
설레어,2018.0,명령에따른리콜,
미녀와야수,2018.0,명령에따른리콜,
콘텐츠허브,2018.0,명령에따른리콜,
콘텐츠허브,2018.0,명령에따른리콜,
콘텐츠허브,2018.0,명령에따른리콜,
콘텐츠허브,2018.0,명령에따른리콜,
미정아트,2018.0,명령에따른리콜,
미정아트,2018.0,명령에따른리콜,
미정아트,2018.0,명령에따른리콜,
미정아트,2018.0,명령에따른리콜,
아이포커스,2018.0,명령에따른리콜,
아이포커스,2018.0,명령에따른리콜,
아이포커스,2018.0,명령에따른리콜,
아이포커스,2018.0,명령에따른리콜,
애니토이,2018.0,명령에따른리콜,
애니토이,2018.0,명령에따른리콜,
애니토이,2018.0,명령에따른리콜,
애니토이,2018.0,명령에따른리콜,
애니토이,2018.0,명령에따른리콜,
애니토이,2018.0,명령에따른리콜,
애니토이,2018.0,명령에따른리콜,
애니토이,2016.0,명령에따른리콜,
도로시팬시,2018.0,명령에따른리콜,
도로시팬시,2018.0,명령에따른리콜,
도로시팬시,2018.0,명령에따른리콜,
도로시팬시,2018.0,명령에따른리콜,
도로시팬시,2018.0,명령에따른리콜,
올리벤더,2018.0,명령에따른리콜,
솔릭스,2018.0,명령에따른리콜,
SA전기조명,2018.0,명령에따른리콜,
예도전기조명,2018.0,명령에따른리콜,
예도전기조명,2015.0,자발적리콜,
예도전기조명,2015.0,자발적리콜,
예도전기조명,2015.0,명령에따른리콜,
예도전기조명,2015.0,명령에따른리콜,
세진조명,2018.0,명령에따른리콜,
생명사랑,2018.0,명령에따른리콜,
생명사랑,2017.0,명령에따른리콜,
생명사랑,2017.0,명령에따른리콜,
에스에스에이치,2018.0,명령에따른리콜,
한양(HANYANG),2018.0,명령에따른리콜,
한화꿈에온의료기,2018.0,명령에따른리콜,
선영코리아,2018.0,명령에따른리콜,
한일온열기,2018.0,명령에따른리콜,
선진물산,2018.0,명령에따른리콜,
선진물산,2014.0,명령에따른리콜,
아이엔에스코리아,2018.0,명령에따른리콜,
헵시바,2018.0,명령에따른리콜,
지앤씨월드,2018.0,명령에따른리콜,
한새,2018.0,명령에따른리콜,
구들장,2018.0,명령에따른리콜,
구들장,2017.0,명령에따른리콜,
에스엘이노텍,2018.0,명령에따른리콜,
코엔코,2018.0,자발적리콜,
코엔코,2018.0,자발적리콜,
대우어플라이언스,2018.0,자발적리콜,
유로파이앤씨,2018.0,자발적리콜,
베스트프렌즈,2018.0,명령에따른리콜,
디엘팬시,2018.0,명령에따른리콜,
유아이티통상,2018.0,명령에따른리콜,
신우실업,2018.0,명령에따른리콜,
동신씨앤티,2018.0,명령에따른리콜,
샤바스,2018.0,명령에따른리콜,
샤바스,2017.0,명령에따른리콜,
샤바스,2014.0,명령에따른리콜,
샤바스,2014.0,명령에따른리콜,
샤바스,2014.0,명령에따른리콜,
피닉스레포츠,2018.0,명령에따른리콜,
와이키산업,2018.0,명령에따른리콜,
사나디코퍼레이션,2018.0,명령에따른리콜,
아리아,2018.0,명령에따른리콜,
마이더스필,2018.0,명령에따른리콜,
마이더스필,2018.0,명령에따른리콜,
마이더스필,2017.0,명령에따른리콜,
대일산업,2018.0,명령에따른리콜,
대일산업,2014.0,명령에따른리콜,
리코무역,2018.0,명령에따른리콜,
신신상사,2018.0,명령에따른리콜,
장미코퍼레이션,2018.0,명령에따른리콜,
포포팬시,2018.0,명령에따른리콜,
포포팬시,2018.0,명령에따른리콜,
에이치와이물산,2018.0,명령에따른리콜,
에이치와이물산,2018.0,명령에따른리콜,
에이치와이물산,2018.0,명령에따른리콜,
푸른숲,2018.0,명령에따른리콜,
이엘에프비,2018.0,명령에따른리콜,
이엘에프비,2018.0,명령에따른리콜,
이엘에프비,2018.0,명령에따른리콜,
이엘에프비,2018.0,명령에따른리콜,
대성,2018.0,명령에따른리콜,
대성,2018.0,명령에따른리콜,
포케이,2018.0,명령에따른리콜,
토이세븐,2018.0,명령에따른리콜,
토이세븐,2018.0,명령에따른리콜,
토이세븐,2018.0,명령에따른리콜,
나우출판사,2018.0,명령에따른리콜,
맘스보드,2018.0,명령에따른리콜,
토이사이언스,2018.0,명령에따른리콜,
에드토이,2018.0,명령에따른리콜,
훈민정음오피스,2018.0,명령에따른리콜,
하우링크글로벌,2018.0,명령에따른리콜,
아리랑과학,2018.0,명령에따른리콜,
빙고인터내셔날,2018.0,명령에따른리콜,
자람사이언스,2018.0,명령에따른리콜,
영상테크사이언스,2018.0,명령에따른리콜,
유한회사만들기대장,2018.0,명령에따른리콜,
우성인퍼텍스,2018.0,명령에따른리콜,
인성,2018.0,명령에따른리콜,
데코라인퍼니쳐,2018.0,명령에따른리콜,
칠성산업,2018.0,명령에따른리콜,
유닉스전자,2018.0,명령에따른리콜,
덕유,2018.0,명령에따른리콜,
할인점나라,2018.0,명령에따른리콜,
은성헬스빌,2018.0,명령에따른리콜,
동호상사,2018.0,명령에따른리콜,
JYTTOOLS,2018.0,명령에따른리콜,
JUNGHOONCOMPANY,2018.0,명령에따른리콜,
신영테크,2018.0,명령에따른리콜,
비엠티,2018.0,명령에따른리콜,
홈앤가든,2018.0,명령에따른리콜,
홈앤가든,2016.0,명령에따른리콜,
코스트위드,2018.0,명령에따른리콜,
로리스토어,2018.0,명령에따른리콜,
로리스토어,2017.0,명령에따른리콜,
로리스토어,2017.0,명령에따른리콜,
지티글로벌,2018.0,명령에따른리콜,
아이로봇,2018.0,명령에따른리콜,
미니모터스,2018.0,명령에따른리콜,
휴먼월드,2018.0,명령에따른리콜,
휴먼월드,2017.0,명령에따른리콜,
이현케이블,2018.0,명령에따른리콜,
투윈,2018.0,명령에따른리콜,
대원가전사업사,2018.0,명령에따른리콜,
대원가전사업사,2017.0,명령에따른리콜,
대원가전사업사,2016.0,명령에따른리콜,
태하메카트로닉스,2018.0,자발적리콜,
아디다스코리아(유),2018.0,자발적리콜,
윈크라우드,2018.0,자발적리콜,
델인터내셔널,2018.0,자발적리콜,
타치온네트웍스,2018.0,자발적리콜,
엠에스아이코리아,2018.0,자발적리콜,
엘림악기,2018.0,명령에따른리콜,
디자인스킨,2018.0,자발적리콜,
대산케미텍,2018.0,자발적리콜,
이솔전기,2018.0,명령에따른리콜,
이솔전기,2016.0,명령에따른리콜,
이솔전기,2016.0,명령에따른리콜,
이솔전기,2016.0,명령에따른리콜,
이솔전기,2016.0,명령에따른리콜,
이솔전기,2016.0,명령에따른리콜,
이솔전기,2016.0,명령에따른리콜,
제이에스텍,2018.0,명령에따른리콜,
제이에스텍,2016.0,명령에따른리콜,
노트옵션,2018.0,명령에따른리콜,
베리츠,2018.0,명령에따른리콜,
엠앤에스,2018.0,명령에따른리콜,
엠앤에스,2017.0,명령에따른리콜,
엠앤에스,2017.0,명령에따른리콜,
엠앤에스,2017.0,자발적리콜,
마노테크,2018.0,명령에따른리콜,
신성엔지니어링,2018.0,명령에따른리콜,
그레이트,2018.0,명령에따른리콜,
그레이트,2015.0,명령에따른리콜,
안나인터네셔날,2018.0,명령에따른리콜,
그로스에프엔지,2018.0,명령에따른리콜,
일룸,2018.0,명령에따른리콜,
일룸,2018.0,권고에따른리콜,
일룸,2016.0,권고에따른리콜,
코웨이,2018.0,자발적리콜,-1.0
코웨이,2016.0,권고에따른리콜,-1.0
코웨이,2016.0,권고에따른리콜,-1.0
코웨이,2016.0,권고에따른리콜,-1.0
코웨이,2016.0,권고에따른리콜,-1.0
언더아머코리아,2018.0,자발적리콜,
와이케이비앤씨,2018.0,자발적리콜,
코튼클럽,2018.0,자발적리콜,
코튼클럽,2018.0,자발적리콜,
리코코리아,2018.0,자발적리콜,
라비센,2018.0,자발적리콜,
한국토이즈,2018.0,명령에따른리콜,
그린유통,2018.0,명령에따른리콜,
롯데쇼핑GF사업본부,2018.0,명령에따른리콜,
롯데쇼핑GF사업본부,2018.0,명령에따른리콜,
Gap(UKHolings)Limited,2018.0,명령에따른리콜,
리얼컴퍼니,2018.0,명령에따른리콜,
리얼컴퍼니,2016.0,명령에따른리콜,
joyhouse,2018.0,명령에따른리콜,
C&H,2018.0,명령에따른리콜,
다고이게임즈,2018.0,명령에따른리콜,
씨투엠뉴에너지,2018.0,명령에따른리콜,
몽벨로,2018.0,명령에따른리콜,
레이센,2018.0,명령에따른리콜,
레이센,2017.0,명령에따른리콜,
레이센,2015.0,명령에따른리콜,
원더키드,2018.0,명령에따른리콜,
신성토이즈,2018.0,명령에따른리콜,
황용토이,2018.0,명령에따른리콜,
자라코리아,2018.0,명령에따른리콜,
JH코퍼레이션,2018.0,명령에따른리콜,
Gap(UKHolingsLimited),2018.0,명령에따른리콜,
콤마모자,2018.0,명령에따른리콜,
콤마모자,2017.0,명령에따른리콜,
콤마모자,2015.0,명령에따른리콜,
콤마모자,2015.0,명령에따른리콜,
콤마모자,2015.0,명령에따른리콜,
단아글로벌,2018.0,명령에따른리콜,
단아글로벌,2018.0,명령에따른리콜,
디엠에스트레이딩,2018.0,명령에따른리콜,
디엠에스트레이딩,2016.0,명령에따른리콜,
블레스정보통신,2018.0,명령에따른리콜,
마이크로텍시스템,2018.0,명령에따른리콜,
엘유티,2018.0,명령에따른리콜,
LS네트웍스,2018.0,명령에따른리콜,
미광조명산업,2018.0,명령에따른리콜,
비츠로,2018.0,명령에따른리콜,
비츠로,2018.0,명령에따른리콜,
이도조명,2018.0,명령에따른리콜,
씨티이엘지,2018.0,명령에따른리콜,
대영라이팅,2018.0,명령에따른리콜,
대영라이팅,2017.0,명령에따른리콜,
덕일조명,2018.0,명령에따른리콜,
덕일조명,2015.0,명령에따른리콜,
아시아슈퍼네트웍제조장,2018.0,명령에따른리콜,
아시아슈퍼네트웍제조장,2015.0,명령에따른리콜,
아시아슈퍼네트웍제조장,2015.0,명령에따른리콜,
삼정인버터,2018.0,명령에따른리콜,
삼정인버터,2017.0,명령에따른리콜,
벨류텍,2018.0,명령에따른리콜,
에스알커머스,2018.0,명령에따른리콜,
에스알커머스,2017.0,명령에따른리콜,
에스알커머스,2017.0,명령에따른리콜,
이오피스코리아,2018.0,명령에따른리콜,
알토디자인,2018.0,명령에따른리콜,
알토디자인,2017.0,명령에따른리콜,
알토디자인,2017.0,명령에따른리콜,
알토디자인,2017.0,명령에따른리콜,
알토디자인,2016.0,명령에따른리콜,
오성정밀,2018.0,명령에따른리콜,
웅진전자,2018.0,명령에따른리콜,
웅진전자,2017.0,명령에따른리콜,
웅진전자,2017.0,명령에따른리콜,
웅진전자,2017.0,명령에따른리콜,
웅진전자,2016.0,명령에따른리콜,
웅진전자,2016.0,명령에따른리콜,
웅진전자,2016.0,명령에따른리콜,
삼창휴먼라이트,2018.0,명령에따른리콜,
삼창휴먼라이트,2017.0,명령에따른리콜,
삼창휴먼라이트,2017.0,명령에따른리콜,
삼창휴먼라이트,2015.0,명령에따른리콜,
포르쉐코리아,2018.0,자발적리콜,
세피앙유한회사,2018.0,자발적리콜,
아이스픽,2018.0,자발적리콜,
에이션패션,2018.0,명령에따른리콜,
야심,2018.0,명령에따른리콜,
JC물산,2018.0,명령에따른리콜,
펠로즈월드,2018.0,명령에따른리콜,
동아교재,2018.0,명령에따른리콜,
와이비엠비앤씨,2018.0,명령에따른리콜,
와이비엠비앤씨,2018.0,명령에따른리콜,
와이비엠비앤씨,2017.0,명령에따른리콜,
매직채널,2018.0,명령에따른리콜,
대호스포츠,2018.0,자발적리콜,
대호스포츠,2018.0,자발적리콜,
닛시상사,2018.0,명령에따른리콜,
닛시상사,2018.0,명령에따른리콜,
에센CORP,2018.0,명령에따른리콜,
한일맨파워,2018.0,명령에따른리콜,
한일맨파워,2018.0,명령에따른리콜,
쓰임받는사람들,2018.0,명령에따른리콜,
해피프렌즈int,2018.0,명령에따른리콜,
아이엘,2018.0,명령에따른리콜,
웹비엠,2018.0,명령에따른리콜,
웹비엠,2018.0,명령에따른리콜,
우성이앤지,2018.0,명령에따른리콜,
굿프라이스,2018.0,명령에따른리콜,
경동상사,2018.0,명령에따른리콜,
경동상사,2018.0,명령에따른리콜,
휴피니스,2018.0,명령에따른리콜,
글로버코리아,2018.0,명령에따른리콜,
두루코리아,2018.0,명령에따른리콜,
서울물산,2018.0,명령에따른리콜,
창성,2018.0,명령에따른리콜,
로그하우스,2018.0,명령에따른리콜,
원베스트코리아,2018.0,자발적리콜,
로디스타,2018.0,자발적리콜,
GF전자,2017.0,명령에따른리콜,
메이더스이엔씨,2017.0,명령에따른리콜,
메이더스이엔씨,2015.0,명령에따른리콜,
시크론,2017.0,명령에따른리콜,
시크론,2017.0,명령에따른리콜,
시크론,2017.0,명령에따른리콜,
시크론,2017.0,명령에따른리콜,
자이로베스트,2017.0,명령에따른리콜,
월드스카이,2017.0,명령에따른리콜,
와이피텍,2017.0,명령에따른리콜,
게브인터내셔널,2017.0,명령에따른리콜,
윈윈글로벌,2017.0,명령에따른리콜,
윈윈글로벌,2017.0,명령에따른리콜,
모터보드넷,2017.0,명령에따른리콜,
아이로드,2017.0,명령에따른리콜,
동일엘이디,2017.0,명령에따른리콜,
홈룩스,2017.0,명령에따른리콜,
홈룩스,2017.0,명령에따른리콜,
코콤텍,2017.0,명령에따른리콜,
강우라이팅,2017.0,명령에따른리콜,
서진네트웍스,2017.0,명령에따른리콜,
서진네트웍스,2015.0,자발적리콜,
조일조명,2017.0,명령에따른리콜,
조일조명,2017.0,명령에따른리콜,
조일조명,2016.0,명령에따른리콜,
조일조명,2016.0,명령에따른리콜,
조일조명,2016.0,명령에따른리콜,
대동해모로,2017.0,명령에따른리콜,
대동해모로,2016.0,명령에따른리콜,
코홈,2017.0,명령에따른리콜,
정다운,2017.0,명령에따른리콜,
정다운,2017.0,명령에따른리콜,
정다운,2016.0,명령에따른리콜,
정다운,2016.0,명령에따른리콜,
정다운,2016.0,명령에따른리콜,
한일전기,2017.0,명령에따른리콜,
한일전기,2016.0,명령에따른리콜,
한일전기,2016.0,자발적리콜,
한일전기,2014.0,명령에따른리콜,
한일전기,2014.0,명령에따른리콜,
우신HIGHSTEP,2017.0,명령에따른리콜,
코스트코코리아,2017.0,명령에따른리콜,
아이지,2017.0,명령에따른리콜,
풍산사다리,2017.0,명령에따른리콜,
중앙공사,2017.0,명령에따른리콜,
서울금속,2017.0,명령에따른리콜,
보성하이테크,2017.0,명령에따른리콜,
보성하이테크,2016.0,명령에따른리콜,
한국쉬즈라인,2017.0,명령에따른리콜,
터치뷰티,2017.0,명령에따른리콜,
카이지루시코리아,2017.0,명령에따른리콜,
아이엠씨인터네셔널,2017.0,명령에따른리콜,
스쿠터나라,2017.0,명령에따른리콜,
에이알엑스,2017.0,자발적리콜,
보성BM,2017.0,자발적리콜,
지엠에이코리아,2017.0,자발적리콜,
에이치비인터내셔날,2017.0,명령에따른리콜,
제이에스코퍼레이트,2017.0,자발적리콜,
브이엠컴퍼니,2017.0,자발적리콜,
교원,2017.0,자발적리콜,
더룰,2017.0,자발적리콜,
영남베드앤메디칼,2017.0,자발적리콜,
엔코스타,2017.0,명령에따른리콜,
엔코스타,2017.0,명령에따른리콜,
엔코스타,2017.0,명령에따른리콜,
KRINTERNATIONAL,2017.0,명령에따른리콜,
(유)나이키코리아,2017.0,명령에따른리콜,
더블케이,2017.0,명령에따른리콜,
더블케이,2017.0,명령에따른리콜,
베스트캡,2017.0,명령에따른리콜,
이폴리움,2017.0,명령에따른리콜,
호신인펀트,2017.0,명령에따른리콜,
영그램,2017.0,명령에따른리콜,
큐티월드,2017.0,명령에따른리콜,
큐티월드,2015.0,명령에따른리콜,
큐티월드,2014.0,명령에따른리콜,
큐티월드,2014.0,명령에따른리콜,
태영전자,2017.0,명령에따른리콜,
태영전자,2017.0,명령에따른리콜,
태영전자,2016.0,명령에따른리콜,
태영전자,2014.0,명령에따른리콜,
동진임포츠,2017.0,자발적리콜,
댄포스,2017.0,자발적리콜,
김장법률사무소,2017.0,자발적리콜,
더마켓,2017.0,명령에따른리콜,
포콘스,2017.0,명령에따른리콜,
두성,2017.0,명령에따른리콜,
케이투씨아이,2017.0,명령에따른리콜,
케이투씨아이,2017.0,명령에따른리콜,
에이비엘코리아,2017.0,명령에따른리콜,
다사와닷컴,2017.0,명령에따른리콜,
미니소코리아,2017.0,명령에따른리콜,
시그마네트웍스,2017.0,자발적리콜,
키보스,2017.0,자발적리콜,
지브라테크놀로지코리아,2017.0,자발적리콜,
한국후지제록스,2017.0,자발적리콜,
대진인터내셔널,2017.0,자발적리콜,
아이큐박스,2017.0,자발적리콜,
애버드,2017.0,명령에따른리콜,
대원루스터,2017.0,명령에따른리콜,
대원루스터,2016.0,명령에따른리콜,
대원루스터,2016.0,명령에따른리콜,
대원루스터,2016.0,명령에따른리콜,
대원루스터,2016.0,명령에따른리콜,
대원루스터,2016.0,명령에따른리콜,
대원루스터,2016.0,명령에따른리콜,
대원루스터,2014.0,명령에따른리콜,
광명하이테크,2017.0,명령에따른리콜,
광명하이테크,2015.0,명령에따른리콜,
광명하이테크,2014.0,명령에따른리콜,
리빙홈,2017.0,명령에따른리콜,
세아코리아,2017.0,명령에따른리콜,
다보예,2017.0,명령에따른리콜,
다보예,2017.0,명령에따른리콜,
남양전기,2017.0,명령에따른리콜,
남양전기,2016.0,명령에따른리콜,
라츠,2017.0,명령에따른리콜,
제원무역,2017.0,명령에따른리콜,
지오텍,2017.0,명령에따른리콜,
지오텍,2016.0,명령에따른리콜,
지오텍,2015.0,명령에따른리콜,
지오텍,2015.0,명령에따른리콜,
지오텍,2015.0,명령에따른리콜,
트윈벨,2017.0,명령에따른리콜,
트윈벨,2017.0,명령에따른리콜,
디비씨코리아,2017.0,명령에따른리콜,
뉴스코리아,2017.0,명령에따른리콜,
주은전기산업,2017.0,명령에따른리콜,
승주산업,2017.0,명령에따른리콜,
삼화전기,2017.0,명령에따른리콜,
아이디알,2017.0,명령에따른리콜,
세계,2017.0,명령에따른리콜,
한진물산,2017.0,명령에따른리콜,
한진물산,2013.0,명령에따른리콜,
동인의료기,2017.0,명령에따른리콜,
모닝메디케어,2017.0,명령에따른리콜,
갈모,2017.0,명령에따른리콜,
시즌,2017.0,명령에따른리콜,
영인레인,2017.0,명령에따른리콜,
올랜도인터내셔날,2017.0,명령에따른리콜,
올랜도인터내셔날,2017.0,명령에따른리콜,
엔피니,2017.0,명령에따른리콜,
광원광학,2017.0,명령에따른리콜,
광원광학,2017.0,명령에따른리콜,
실로스트레치,2017.0,명령에따른리콜,
실로스트레치,2016.0,명령에따른리콜,
아이보리,2017.0,명령에따른리콜,
진성산업,2017.0,명령에따른리콜,
티모,2017.0,명령에따른리콜,
티모,2016.0,명령에따른리콜,
티모,2016.0,명령에따른리콜,
티모,2016.0,명령에따른리콜,
콩깍지,2017.0,명령에따른리콜,
콩깍지,2017.0,명령에따른리콜,
정성아이앤씨,2017.0,명령에따른리콜,
세계로무역,2017.0,명령에따른리콜,
세움통상,2017.0,명령에따른리콜,
나람교육사,2017.0,명령에따른리콜,
두이즈,2017.0,자발적리콜,
쎄로또레,2017.0,자발적리콜,
파나소닉코리아,2017.0,자발적리콜,
핀플레이,2017.0,자발적리콜,
라이트컴,2017.0,명령에따른리콜,
빅라이팅컴퍼니,2017.0,명령에따른리콜,
광민라이팅,2017.0,명령에따른리콜,
광민라이팅,2015.0,명령에따른리콜,
광민라이팅,2015.0,명령에따른리콜,
한아테크,2017.0,명령에따른리콜,
한아테크,2015.0,명령에따른리콜,
한아테크,2015.0,명령에따른리콜,
한아테크,2015.0,명령에따른리콜,
한아테크,2015.0,명령에따른리콜,
한아테크,2015.0,명령에따른리콜,
한아테크,2014.0,명령에따른리콜,
에즈윈아이피씨,2017.0,명령에따른리콜,
PNC_Partner,2017.0,명령에따른리콜,
PNC_Partner,2016.0,명령에따른리콜,
PNC_Partner,2016.0,명령에따른리콜,
PNC_Partner,2015.0,명령에따른리콜,
에이원아이엔티,2017.0,명령에따른리콜,
에이원아이엔티,2017.0,명령에따른리콜,
엑슬비젼코리아,2017.0,명령에따른리콜,
인지텔레콤,2017.0,명령에따른리콜,
코엘,2017.0,명령에따른리콜,
코엘,2014.0,명령에따른리콜,
선린테크,2017.0,명령에따른리콜,
스마트서티,2017.0,명령에따른리콜,
인텍도로스,2017.0,명령에따른리콜,
피아이테크,2017.0,명령에따른리콜,
피아이테크,2017.0,명령에따른리콜,
스템코리아,2017.0,명령에따른리콜,
스템코리아,2013.0,명령에따른리콜,
다나은WnB,2017.0,명령에따른리콜,
그린에코,2017.0,명령에따른리콜,
그린에코,2016.0,명령에따른리콜,
그린에코,2015.0,명령에따른리콜,
한국몰리테크,2017.0,명령에따른리콜,
한국몰리테크,2017.0,명령에따른리콜,
한국몰리테크,2017.0,명령에따른리콜,
한국몰리테크,2016.0,명령에따른리콜,
한국몰리테크,2016.0,명령에따른리콜,
선광비앤이,2017.0,명령에따른리콜,
선광비앤이,2016.0,명령에따른리콜,
솔라루체,2017.0,명령에따른리콜,
성진조명,2017.0,명령에따른리콜,
동성룩스,2017.0,명령에따른리콜,
삼양전기,2017.0,명령에따른리콜,
삼양전기,2016.0,명령에따른리콜,
삼양전기,2015.0,명령에따른리콜,
삼양전기,2015.0,명령에따른리콜,
동우전자,2017.0,명령에따른리콜,
더빛시스,2017.0,명령에따른리콜,
이덕inc,2017.0,명령에따른리콜,
중산물산,2017.0,명령에따른리콜,
킹카,2017.0,명령에따른리콜,
하남스포츠,2017.0,명령에따른리콜,
FILLMORE,2017.0,명령에따른리콜,
경원A.M.T,2017.0,명령에따른리콜,
유풍,2017.0,명령에따른리콜,
엘비,2017.0,명령에따른리콜,
유진로봇지나월드,2017.0,명령에따른리콜,
유진로봇지나월드,2015.0,명령에따른리콜,
제이디,2017.0,명령에따른리콜,
FILLMOREINTERNATIONAL,2017.0,명령에따른리콜,
쁘띠,2017.0,명령에따른리콜,
토이게이트,2017.0,명령에따른리콜,
삼도,2017.0,명령에따른리콜,
소이,2017.0,명령에따른리콜,
소이,2016.0,명령에따른리콜,
소이,2016.0,명령에따른리콜,
소이,2015.0,명령에따른리콜,
더제이니,2017.0,명령에따른리콜,
영남무역,2017.0,명령에따른리콜,
진향에프엔디,2017.0,명령에따른리콜,
광훈어패럴,2017.0,명령에따른리콜,
광훈어패럴,2017.0,명령에따른리콜,
후지필름일렉트로닉이미징코리아,2017.0,자발적리콜,
프리오교역,2017.0,명령에따른리콜,
랄프로렌코리아(유),2017.0,명령에따른리콜,
이랜드월드,2017.0,명령에따른리콜,
이랜드월드,2017.0,명령에따른리콜,
이랜드월드,2015.0,명령에따른리콜,
이랜드월드,2015.0,명령에따른리콜,
이랜드월드,2015.0,명령에따른리콜,
명신에프엔에스,2017.0,명령에따른리콜,
명신에프엔에스,2017.0,명령에따른리콜,
아이비클럽코퍼레이션,2017.0,명령에따른리콜,
현대기업,2017.0,명령에따른리콜,
현대기업,2016.0,명령에따른리콜,
모나미,2017.0,명령에따른리콜,
자바팬,2017.0,명령에따른리콜,
쥬얼리문구,2017.0,명령에따른리콜,
옴니버스,2017.0,명령에따른리콜,
옴니버스,2016.0,명령에따른리콜,
옴니버스,2015.0,명령에따른리콜,
라인아트,2017.0,명령에따른리콜,
블루스포츠,2017.0,자발적리콜,
제이원,2017.0,명령에따른리콜,
제이원,2017.0,명령에따른리콜,
모닉스동양,2017.0,명령에따른리콜,
워니코프,2017.0,명령에따른리콜,
정은전자,2017.0,명령에따른리콜,
정은전자,2013.0,명령에따른리콜,
태양전선,2017.0,명령에따른리콜,
지케이전선,2017.0,명령에따른리콜,
승원전자,2017.0,명령에따른리콜,
승원전자,2015.0,명령에따른리콜,
현대일렉트릭,2017.0,명령에따른리콜,
솔로젠,2017.0,명령에따른리콜,
태일조명,2017.0,명령에따른리콜,
디에스인터내셔널,2017.0,명령에따른리콜,
반얀시스템,2017.0,명령에따른리콜,
최현수(개인),2017.0,명령에따른리콜,
청원라이팅,2017.0,명령에따른리콜,
한승조명,2017.0,명령에따른리콜,
한승조명,2016.0,명령에따른리콜,
한승조명,2016.0,명령에따른리콜,
한승조명,2016.0,명령에따른리콜,
한승조명,2016.0,명령에따른리콜,
한승조명,2016.0,명령에따른리콜,
한승조명,2016.0,명령에따른리콜,
한승조명,2016.0,명령에따른리콜,
준성테크,2017.0,명령에따른리콜,
준성테크,2015.0,자발적리콜,
준성테크,2015.0,자발적리콜,
와룡산업,2017.0,명령에따른리콜,
도서출판보물섬,2017.0,명령에따른리콜,
토피,2017.0,명령에따른리콜,
드림문화,2017.0,명령에따른리콜,
성삼,2017.0,명령에따른리콜,
신세계인터내셔날,2017.0,명령에따른리콜,
신세계인터내셔날,2016.0,명령에따른리콜,
윙스풋코리아,2017.0,명령에따른리콜,
SJ콜렉션,2017.0,명령에따른리콜,
선업,2017.0,명령에따른리콜,
도도파트너스,2017.0,명령에따른리콜,
도도파트너스,2013.0,명령에따른리콜,
알디엔웨이,2017.0,명령에따른리콜,
제일,2017.0,명령에따른리콜,
패블러스피앤제이,2017.0,명령에따른리콜,
아진실업,2017.0,명령에따른리콜,
미래,2017.0,명령에따른리콜,
j&b,2017.0,명령에따른리콜,
서전상사,2017.0,명령에따른리콜,
대진전자,2017.0,자발적리콜,
대진전자,2014.0,명령에따른리콜,
명성세라믹,2017.0,자발적리콜,
한화전기,2016.0,명령에따른리콜,
한화전기,2016.0,명령에따른리콜,
S&SGLOBAL,2016.0,명령에따른리콜,
대한오에이퍼니쳐,2016.0,명령에따른리콜,
용연텍스타일,2016.0,명령에따른리콜,
티엔제이,2016.0,명령에따른리콜,
티엔제이,2016.0,명령에따른리콜,
웸블리코리아,2016.0,명령에따른리콜,
엠케이트렌드,2016.0,명령에따른리콜,
에이취엠인더스트리,2016.0,명령에따른리콜,
유니스포,2016.0,명령에따른리콜,
정우코리아,2016.0,명령에따른리콜,
정우코리아,2016.0,명령에따른리콜,
정우코리아,2015.0,명령에따른리콜,
이유트레이딩컴퍼니,2016.0,명령에따른리콜,
이유트레이딩컴퍼니,2016.0,명령에따른리콜,
대영통상,2016.0,명령에따른리콜,
대영통상,2016.0,명령에따른리콜,
블루래빗,2016.0,명령에따른리콜,
데이비드토이,2016.0,명령에따른리콜,
환타스틱스,2016.0,명령에따른리콜,
환타스틱스,2016.0,명령에따른리콜,
BENCHFANCY,2016.0,명령에따른리콜,
플러스에이치포,2016.0,명령에따른리콜,
KH상사,2016.0,명령에따른리콜,
동광문구,2016.0,명령에따른리콜,
수한,2016.0,명령에따른리콜,
지엠피스포츠,2016.0,명령에따른리콜,
퀵실버록시코리아(유),2016.0,명령에따른리콜,
h.you통상,2016.0,명령에따른리콜,
다봉산업,2016.0,명령에따른리콜,
한강제이케이시,2016.0,명령에따른리콜,
LF,2016.0,명령에따른리콜,
라시도,2016.0,명령에따른리콜,
에이치이비,2016.0,명령에따른리콜,
에이치이비,2016.0,명령에따른리콜,
SUNGSAMCO.LTD,2016.0,명령에따른리콜,
더사랑해,2016.0,명령에따른리콜,
ILSHIN,2016.0,명령에따른리콜,
코스모스전기,2016.0,명령에따른리콜,
코스모스전기,2016.0,명령에따른리콜,
코스모스전기,2016.0,명령에따른리콜,
코스모스전기,2015.0,명령에따른리콜,
광명전기,2016.0,명령에따른리콜,
광명전기,2016.0,명령에따른리콜,
광명전기,2016.0,명령에따른리콜,
광명전기,2016.0,명령에따른리콜,
광명전기,2015.0,명령에따른리콜,
인테크,2016.0,명령에따른리콜,
인테크,2016.0,명령에따른리콜,
인테크,2016.0,명령에따른리콜,
인테크,2016.0,명령에따른리콜,
인테크,2016.0,명령에따른리콜,
인테크,2016.0,명령에따른리콜,
인테크,2015.0,명령에따른리콜,
인테크,2015.0,명령에따른리콜,
이안시스테크,2016.0,명령에따른리콜,
메인미디어,2016.0,명령에따른리콜,
신양사다리,2016.0,명령에따른리콜,
위피드,2016.0,자발적리콜,
위피드,2016.0,자발적리콜,
씨어도어소프트,2016.0,자발적리콜,
새로핸즈,2016.0,자발적리콜,
현대리바트,2016.0,권고에따른리콜,
현대리바트,2016.0,권고에따른리콜,
엘케이마끼다총판,2016.0,자발적리콜,
에넥스,2016.0,권고에따른리콜,
우아미,2016.0,권고에따른리콜,
우아미,2016.0,권고에따른리콜,
우아미,2016.0,권고에따른리콜,
에몬스,2016.0,권고에따른리콜,
에몬스,2016.0,권고에따른리콜,
장인가구,2016.0,권고에따른리콜,
장인가구,2016.0,권고에따른리콜,
장인가구,2016.0,권고에따른리콜,
보루네오,2016.0,권고에따른리콜,
보루네오,2016.0,권고에따른리콜,
광미교역,2016.0,명령에따른리콜,
광미교역,2015.0,명령에따른리콜,
광미교역,2015.0,명령에따른리콜,
광미교역,2015.0,명령에따른리콜,
광미교역,2015.0,명령에따른리콜,
두용어패럴,2016.0,명령에따른리콜,
스쿨룩스,2016.0,명령에따른리콜,
스쿨룩스,2016.0,명령에따른리콜,
스쿨룩스,2016.0,명령에따른리콜,
스쿨룩스,2016.0,명령에따른리콜,
스쿨룩스,2016.0,명령에따른리콜,
스쿨룩스,2016.0,명령에따른리콜,
스쿨룩스,2016.0,명령에따른리콜,
스쿨룩스,2016.0,명령에따른리콜,
스쿨룩스,2016.0,명령에따른리콜,
스쿨룩스,2016.0,명령에따른리콜,
스쿨룩스,2016.0,명령에따른리콜,
스쿨룩스,2016.0,명령에따른리콜,
마레이컴퍼니,2016.0,명령에따른리콜,
SRTOOL,2016.0,명령에따른리콜,
보필,2016.0,명령에따른리콜,
부일테크노,2016.0,명령에따른리콜,
부일테크노,2015.0,명령에따른리콜,
부일테크노,2015.0,명령에따른리콜,
동서,2016.0,명령에따른리콜,-1.0
동서,2015.0,명령에따른리콜,-1.0
동서,2015.0,명령에따른리콜,-1.0
동서,2015.0,명령에따른리콜,-1.0
현대피닉스,2016.0,명령에따른리콜,
현대피닉스,2016.0,명령에따른리콜,
슬로비,2016.0,명령에따른리콜,
제이앤케이컴퍼니리미티드,2016.0,명령에따른리콜,
연승어패럴,2016.0,명령에따른리콜,
뉴키즈온,2016.0,명령에따른리콜,
엠에이치트레이딩,2016.0,명령에따른리콜,
엠에이치트레이딩,2015.0,명령에따른리콜,
퍼스트유,2016.0,명령에따른리콜,
퍼스트유,2016.0,명령에따른리콜,
퍼스트유,2016.0,명령에따른리콜,
제이원아이앤씨,2016.0,명령에따른리콜,
제이원아이앤씨,2015.0,명령에따른리콜,
제이원아이앤씨,2015.0,명령에따른리콜,
명진에프앤지,2016.0,명령에따른리콜,
명진에프앤지,2016.0,명령에따른리콜,
명진에프앤지,2016.0,명령에따른리콜,
아은,2016.0,명령에따른리콜,
아은,2016.0,명령에따른리콜,
아은,2016.0,명령에따른리콜,
아은,2016.0,명령에따른리콜,
JWFECO,2016.0,명령에따른리콜,
JWFECO,2016.0,명령에따른리콜,
보승어패럴,2016.0,명령에따른리콜,
테넥스글로벌,2016.0,명령에따른리콜,
동명아이앤씨,2016.0,명령에따른리콜,
매터스글로벌,2016.0,명령에따른리콜,
토이앤토이,2016.0,명령에따른리콜,
정명케이블,2016.0,명령에따른리콜,
(유)더보케이블,2016.0,명령에따른리콜,
(유)더보케이블,2016.0,명령에따른리콜,
유로케이블,2016.0,명령에따른리콜,
에스케이이전선,2016.0,명령에따른리콜,
베이퍼홀릭,2016.0,명령에따른리콜,
로더스,2016.0,명령에따른리콜,
서울리거,2016.0,명령에따른리콜,
두원소방,2016.0,명령에따른리콜,
두원소방,2016.0,명령에따른리콜,
한결라이팅,2016.0,명령에따른리콜,
이지엠산업,2016.0,명령에따른리콜,
이지엠산업,2015.0,명령에따른리콜,
이지엠산업,2015.0,명령에따른리콜,
큐맥스엘이디,2016.0,명령에따른리콜,
제일조명,2016.0,명령에따른리콜,
제일조명,2015.0,명령에따른리콜,
오송조명,2016.0,명령에따른리콜,
오송조명,2016.0,명령에따른리콜,
오송조명,2016.0,명령에따른리콜,
오송조명,2016.0,명령에따른리콜,
오송조명,2016.0,명령에따른리콜,
오송조명,2015.0,명령에따른리콜,
오송조명,2015.0,명령에따른리콜,
오송조명,2015.0,명령에따른리콜,
오송조명,2014.0,명령에따른리콜,
두산테크,2016.0,명령에따른리콜,
일신산업,2016.0,명령에따른리콜,
일신산업,2016.0,명령에따른리콜,
일신산업,2015.0,명령에따른리콜,
일신산업,2013.0,명령에따른리콜,
영실업,2016.0,자발적리콜,
젠펜테크,2016.0,권고에따른리콜,
"3M,LG전자",2016.0,권고에따른리콜,
"두원전자,두원",2016.0,권고에따른리콜,
"3M,삼성전자",2016.0,권고에따른리콜,
3M,2016.0,권고에따른리콜,
"3M,현대모비스",2016.0,권고에따른리콜,
"3M,프렉코",2016.0,권고에따른리콜,
"3M,청호나이스",2016.0,권고에따른리콜,
"3M,대유위니아",2016.0,권고에따른리콜,
"3M,쿠쿠전자",2016.0,권고에따른리콜,
뉴한일산업&IDUN,2016.0,명령에따른리콜,
뉴한일산업&IDUN,2015.0,명령에따른리콜,
뉴한일산업&IDUN,2015.0,명령에따른리콜,
뉴한일산업&IDUN,2014.0,명령에따른리콜,
뉴한일산업&IDUN,2014.0,명령에따른리콜,
태경스포츠,2016.0,명령에따른리콜,
파울로코리아,2016.0,명령에따른리콜,
쿠거코리아,2016.0,명령에따른리콜,
엔씨파워텍,2016.0,명령에따른리콜,
엔씨파워텍,2016.0,명령에따른리콜,
태성파워,2016.0,명령에따른리콜,
태성파워,2016.0,명령에따른리콜,
대경이노텍,2016.0,명령에따른리콜,
대경이노텍,2016.0,명령에따른리콜,
엠제이테크놀로지,2016.0,명령에따른리콜,
엠제이테크놀로지,2016.0,명령에따른리콜,
거화스포츠,2016.0,명령에따른리콜,
거화스포츠,2013.0,명령에따른리콜,
거화스포츠,2013.0,명령에따른리콜,
거화스포츠,2013.0,명령에따른리콜,
X-NOVA,2016.0,명령에따른리콜,
한선바이투,2016.0,명령에따른리콜,
서도산업,2016.0,명령에따른리콜,
기영물산,2016.0,명령에따른리콜,
신우FNC,2016.0,명령에따른리콜,
크리츠,2016.0,명령에따른리콜,
새놈코리아,2016.0,명령에따른리콜,
세진프로세스,2016.0,명령에따른리콜,
엘체,2016.0,명령에따른리콜,
엘체,2016.0,명령에따른리콜,
디엠케이코리아,2016.0,명령에따른리콜,
디엠케이코리아,2016.0,명령에따른리콜,
에이스그룹,2016.0,명령에따른리콜,
파워텍코리아,2016.0,명령에따른리콜,
트랜스마그넷,2016.0,명령에따른리콜,
태신전기,2016.0,명령에따른리콜,
제넥스텍,2016.0,명령에따른리콜,
제넥스텍,2015.0,명령에따른리콜,
오성E.L.D,2016.0,명령에따른리콜,
오성E.L.D,2016.0,명령에따른리콜,
장안조명,2016.0,명령에따른리콜,
장안조명,2015.0,명령에따른리콜,
장안조명,2015.0,명령에따른리콜,
장안조명,2015.0,명령에따른리콜,
장안조명,2015.0,명령에따른리콜,
동방조명,2016.0,명령에따른리콜,
룸인커머스,2016.0,명령에따른리콜,
유엘디(U.L.D),2016.0,명령에따른리콜,
명주전기,2016.0,명령에따른리콜,
태원테크,2016.0,명령에따른리콜,
인터룩스,2016.0,명령에따른리콜,
효성,2016.0,명령에따른리콜,-1.0
효성,2015.0,명령에따른리콜,-1.0
화니월드,2016.0,명령에따른리콜,
비타민,2016.0,명령에따른리콜,
너랑나랑,2016.0,명령에따른리콜,
선영화학,2016.0,명령에따른리콜,
태경산업,2016.0,명령에따른리콜,
리노시스템산업,2016.0,명령에따른리콜,
리인터내셔널법률사무소,2016.0,자발적리콜,
착한장난감,2016.0,자발적리콜,
지에스컴퍼니,2016.0,명령에따른리콜,
델키,2016.0,명령에따른리콜,
구성전자,2016.0,명령에따른리콜,
구성전자,2016.0,명령에따른리콜,
보승전기,2016.0,명령에따른리콜,
보승전기,2016.0,명령에따른리콜,
보승전기,2015.0,명령에따른리콜,
보승전기,2015.0,명령에따른리콜,
보승전기,2015.0,명령에따른리콜,
보승전기,2015.0,명령에따른리콜,
보승전기,2015.0,명령에따른리콜,
보승전기,2015.0,명령에따른리콜,
보승전기,2015.0,명령에따른리콜,
보승전기,2015.0,명령에따른리콜,
보승전기,2015.0,명령에따른리콜,
보승전기,2015.0,명령에따른리콜,
보승전기,2015.0,명령에따른리콜,
미래로앤썬텍(M&S),2016.0,명령에따른리콜,
미래로앤썬텍(M&S),2016.0,명령에따른리콜,
프리메로,2016.0,명령에따른리콜,
해피랜드F&C,2016.0,명령에따른리콜,
지유케이트레이딩,2016.0,명령에따른리콜,
지유케이트레이딩,2015.0,명령에따른리콜,
우진통상,2016.0,명령에따른리콜,
아이사랑,2016.0,명령에따른리콜,
올가,2016.0,명령에따른리콜,
베네통코리아,2016.0,명령에따른리콜,
베네통코리아,2013.0,명령에따른리콜,
JK인터스트리,2016.0,명령에따른리콜,
디앤제이무역,2016.0,명령에따른리콜,
디앤제이무역,2016.0,명령에따른리콜,
데님코리아,2016.0,명령에따른리콜,
데님코리아,2015.0,명령에따른리콜,
엠제이,2016.0,명령에따른리콜,
석지솔루션,2016.0,명령에따른리콜,
스타토이,2016.0,명령에따른리콜,
성진사,2016.0,명령에따른리콜,
성진사,2013.0,명령에따른리콜,
한화의료기,2016.0,명령에따른리콜,
풀앤베어코리아유한회사,2016.0,자발적리콜,
에버링크,2016.0,자발적리콜,
동조산업,2016.0,명령에따른리콜,
제노바,2016.0,명령에따른리콜,
진주월드,2016.0,명령에따른리콜,
진주월드,2015.0,명령에따른리콜,
K&C,2016.0,명령에따른리콜,
로운컬렉션,2016.0,명령에따른리콜,
새천매트,2016.0,자발적리콜,
액상코리아,2016.0,자발적리콜,
힐티코리아,2016.0,자발적리콜,
에이원,2016.0,자발적리콜,
마호코퍼레이션,2016.0,자발적리콜,
컴비스테크놀러지,2016.0,명령에따른리콜,
에이티라이팅,2016.0,명령에따른리콜,
샤인픽스,2016.0,명령에따른리콜,
샤인픽스,2014.0,명령에따른리콜,
SunMax,2016.0,명령에따른리콜,
동방하이테크,2016.0,명령에따른리콜,
동방하이테크,2015.0,명령에따른리콜,
동방하이테크,2015.0,명령에따른리콜,
동방하이테크,2015.0,명령에따른리콜,
동방하이테크,2015.0,명령에따른리콜,
동방하이테크,2015.0,명령에따른리콜,
동방하이테크,2014.0,명령에따른리콜,
비비조명,2016.0,명령에따른리콜,
삼화테크,2016.0,명령에따른리콜,
삼화테크,2016.0,명령에따른리콜,
삼화테크,2016.0,명령에따른리콜,
제일룩스,2016.0,명령에따른리콜,
미광프레스,2016.0,명령에따른리콜,
진아종합전기,2016.0,명령에따른리콜,
진아종합전기,2015.0,명령에따른리콜,
남영전구,2016.0,명령에따른리콜,
동성조명,2016.0,명령에따른리콜,
동성조명,2015.0,명령에따른리콜,
동성조명,2012.0,명령에따른리콜,
라이톤,2016.0,명령에따른리콜,
두영조명,2016.0,명령에따른리콜,
진성전자,2016.0,명령에따른리콜,
제리맥과이어,2016.0,명령에따른리콜,
네오아트,2016.0,명령에따른리콜,
램프다우연,2016.0,명령에따른리콜,
아뜨레,2016.0,명령에따른리콜,
호남전기조명,2016.0,명령에따른리콜,
호남전기조명,2016.0,명령에따른리콜,
바이빔조명,2016.0,명령에따른리콜,
호산에이스(H.A),2016.0,명령에따른리콜,
엔엠엘이디,2016.0,명령에따른리콜,
이오정보통신,2016.0,명령에따른리콜,
피닉스씨엔에스,2016.0,명령에따른리콜,
팬트와이어리스,2016.0,명령에따른리콜,
애니일렉트로닉스,2016.0,명령에따른리콜,
크로스몰,2016.0,명령에따른리콜,
anyclear,2016.0,명령에따른리콜,
코시,2016.0,명령에따른리콜,
코시,2016.0,명령에따른리콜,
황제라이트닝,2016.0,명령에따른리콜,
조아하이테크,2016.0,명령에따른리콜,
아우디전기조명,2016.0,명령에따른리콜,
아우디전기조명,2015.0,명령에따른리콜,
아이탑,2016.0,명령에따른리콜,
아이탑,2015.0,명령에따른리콜,
에스앤비,2016.0,명령에따른리콜,
에스앤비,2015.0,자발적리콜,
신화테크,2016.0,명령에따른리콜,
광성전등,2016.0,명령에따른리콜,
고려산업,2016.0,명령에따른리콜,
고려산업,2015.0,명령에따른리콜,
고려산업,2015.0,명령에따른리콜,
고려산업,2014.0,명령에따른리콜,
고려산업,2013.0,명령에따른리콜,
에스에스라이팅,2016.0,명령에따른리콜,
에스에스라이팅,2015.0,명령에따른리콜,
DK테크,2016.0,명령에따른리콜,
황제라이팅,2016.0,명령에따른리콜,
라이톤/원앤원플러스,2016.0,명령에따른리콜,
비엠더블유코리아,2016.0,자발적리콜,
한국마이크로소프트코리아유한회사,2016.0,자발적리콜,
비엔에프통상,2016.0,자발적리콜,
일도통상,2015.0,명령에따른리콜,
비젼21,2015.0,명령에따른리콜,
브랜디드라이프스타일코리아,2015.0,명령에따른리콜,
브랜디드라이프스타일코리아,2015.0,명령에따른리콜,
브랜디드라이프스타일코리아,2015.0,명령에따른리콜,
동천,2015.0,명령에따른리콜,
주영물산,2015.0,명령에따른리콜,
K7018,2015.0,명령에따른리콜,
YD어패럴,2015.0,명령에따른리콜,
YD어패럴,2013.0,명령에따른리콜,
더콥,2015.0,명령에따른리콜,
씽크,2015.0,명령에따른리콜,
씽크,2014.0,명령에따른리콜,
씽크,2013.0,명령에따른리콜,
주영조이,2015.0,명령에따른리콜,
주영조이,2012.0,명령에따른리콜,
GORTEZ,2015.0,명령에따른리콜,
세양스포츠,2015.0,명령에따른리콜,
다올테크,2015.0,명령에따른리콜,
한국타이어,2015.0,자발적리콜,
다원와이피,2015.0,명령에따른리콜,
경오데코,2015.0,명령에따른리콜,
다우에프앤지,2015.0,명령에따른리콜,
삼원온스파,2015.0,명령에따른리콜,
동일정밀공업,2015.0,명령에따른리콜,
마이프랜드,2015.0,명령에따른리콜,
상아전자,2015.0,명령에따른리콜,
상아전자,2014.0,명령에따른리콜,
삼양전기산업사,2015.0,명령에따른리콜,
삼양전기산업사,2015.0,명령에따른리콜,
디엘컴퍼니,2015.0,명령에따른리콜,
동양생활,2015.0,명령에따른리콜,
금강생명과학,2015.0,명령에따른리콜,
금강생명과학,2014.0,명령에따른리콜,
오파로스,2015.0,명령에따른리콜,
오파로스,2014.0,명령에따른리콜,
동천의료기,2015.0,명령에따른리콜,
한길산업,2015.0,명령에따른리콜,
에스티커머스,2015.0,명령에따른리콜,
투탑에프앤지,2015.0,명령에따른리콜,
클라우드파이브,2015.0,명령에따른리콜,
삼안월드,2015.0,명령에따른리콜,
릴팡,2015.0,명령에따른리콜,
유한어패럴,2015.0,명령에따른리콜,
엠티코리아,2015.0,명령에따른리콜,
슬로비/럭키스포츠,2015.0,명령에따른리콜,
에스케이상사,2015.0,명령에따른리콜,
에스케이상사,2014.0,명령에따른리콜,
에스케이상사,2013.0,명령에따른리콜,
유아랑,2015.0,명령에따른리콜,
엘루고,2015.0,명령에따른리콜,
엘루고,2015.0,명령에따른리콜,
보떼,2015.0,명령에따른리콜,
보떼,2015.0,명령에따른리콜,
트랜덱스,2015.0,명령에따른리콜,
참존어패럴,2015.0,명령에따른리콜,
참존어패럴,2013.0,명령에따른리콜,
참존어패럴,2013.0,명령에따른리콜,
금우인터내셔날,2015.0,명령에따른리콜,
아트비전,2015.0,명령에따른리콜,
오로라월드,2015.0,명령에따른리콜,
파파앤코,2015.0,명령에따른리콜,
아림산업,2015.0,명령에따른리콜,
아림산업,2015.0,명령에따른리콜,
아림산업,2015.0,명령에따른리콜,
아림산업,2015.0,명령에따른리콜,
아림산업,2015.0,명령에따른리콜,
아림산업,2015.0,명령에따른리콜,
아림산업,2012.0,명령에따른리콜,
양광필룩스,2015.0,명령에따른리콜,
휴먼스라이팅,2015.0,명령에따른리콜,
휴먼스라이팅,2015.0,명령에따른리콜,
휴먼스라이팅,2015.0,명령에따른리콜,
휴먼스라이팅,2015.0,명령에따른리콜,
남명,2015.0,명령에따른리콜,
TFLEDLight(남명),2015.0,명령에따른리콜,
일신,2015.0,명령에따른리콜,
일신,2015.0,명령에따른리콜,
쌍사산업,2015.0,명령에따른리콜,
쌍사산업,2015.0,자발적리콜,
쌍사산업,2015.0,자발적리콜,
쌍사산업,2015.0,자발적리콜,
쌍사산업,2015.0,자발적리콜,
쌍사산업,2015.0,자발적리콜,
쌍사산업,2015.0,자발적리콜,
쌍사산업,2015.0,자발적리콜,
쌍사산업,2015.0,자발적리콜,
쌍사산업,2015.0,자발적리콜,
쌍사산업,2014.0,명령에따른리콜,
동성,2015.0,명령에따른리콜,
진성애드,2015.0,명령에따른리콜,
진성애드,2015.0,명령에따른리콜,
메이리,2015.0,명령에따른리콜,
M.T.L(한국몰리테크지점),2015.0,명령에따른리콜,
비엔에프코리아,2015.0,명령에따른리콜,
비엔에프코리아,2015.0,명령에따른리콜,
에스에스라이트,2015.0,명령에따른리콜,
에스에스라이트,2015.0,명령에따른리콜,
이노이스코리아,2015.0,명령에따른리콜,
이노이스코리아,2015.0,명령에따른리콜,
웰스,2015.0,명령에따른리콜,
웰스,2015.0,명령에따른리콜,
리더스조명,2015.0,명령에따른리콜,
리더스조명,2015.0,명령에따른리콜,
거대자전거,2015.0,자발적리콜,
거대자전거,2015.0,자발적리콜,
태영전기,2015.0,명령에따른리콜,
포스트오에이,2015.0,명령에따른리콜,
성운전선,2015.0,명령에따른리콜,
미라클산업,2015.0,명령에따른리콜,
계양전기,2015.0,명령에따른리콜,
화성기전,2015.0,명령에따른리콜,
핀에스코리아,2015.0,명령에따른리콜,
케어메이트,2015.0,명령에따른리콜,
오뜨콜렉션,2015.0,명령에따른리콜,
에스앤디컴퍼니,2015.0,명령에따른리콜,
빅토리아앤프렌즈,2015.0,명령에따른리콜,
MK상사,2015.0,명령에따른리콜,
MK상사,2015.0,명령에따른리콜,
에스디엘,2015.0,명령에따른리콜,
에너지라인,2015.0,명령에따른리콜,
"ShanghaiHaneupLightingElectricCo.,Ltd(에스앤비)",2015.0,명령에따른리콜,
화이브엠텍,2015.0,명령에따른리콜,
화이브엠텍,2015.0,명령에따른리콜,
다우엘이디,2015.0,명령에따른리콜,
이비테크,2015.0,명령에따른리콜,
콤비코리아,2015.0,자발적리콜,
콤비코리아,2014.0,자발적리콜,
동양이지텍,2015.0,명령에따른리콜,
한국로버트보쉬,2015.0,자발적리콜,
우리플러스,2015.0,명령에따른리콜,
우리플러스,2014.0,명령에따른리콜,
수코퍼레이션,2015.0,명령에따른리콜,
"XiamenMetrotecElectronicIndustryCo.,Ltd(피시팝컴퍼니)",2015.0,명령에따른리콜,
"ShenzhenFujiaApplianceCo.,Ltd(신세계코리아)",2015.0,명령에따른리콜,
스토리지선,2015.0,명령에따른리콜,
디엔에스테크놀러지,2015.0,명령에따른리콜,
심천과원태실업유한공사,2015.0,명령에따른리콜,
비욘더탑,2015.0,명령에따른리콜,
ForsetTigerElectronicTechnology(엔씨파워텍),2015.0,명령에따른리콜,
"StyleElectronicsCo.,Ltd(피시팝컴퍼니)",2015.0,명령에따른리콜,
일진전자,2015.0,명령에따른리콜,
파워랜드,2015.0,명령에따른리콜,
뉴(NEW)대웅,2015.0,명령에따른리콜,
"GuangdongYuelinElectricalTechnologyCo.,Ltd'9(에이원아이엔티)",2015.0,명령에따른리콜,
"GuangdongYuelinElectricalTechnologyCo.,Ltd'9(에이원아이엔티)",2015.0,명령에따른리콜,
에이테크,2015.0,명령에따른리콜,
퍼펙트파워,2015.0,명령에따른리콜,
완전사,2015.0,명령에따른리콜,
유플러스씨앤에이,2015.0,명령에따른리콜,
"ShenzhenElectronicCo.,LTD(파워컨버전스)",2015.0,명령에따른리콜,
오팔인터내셔널(한세드림),2015.0,명령에따른리콜,
S.H.T(제이제이티앤지),2015.0,명령에따른리콜,
홈플러스,2015.0,명령에따른리콜,
홈플러스,2014.0,명령에따른리콜,
신화제모,2015.0,명령에따른리콜,
경덕섬유,2015.0,명령에따른리콜,
미카엘,2015.0,명령에따른리콜,
해인사업,2015.0,명령에따른리콜,
앤비디아홍콩홀딩즈리미티드,2015.0,자발적리콜,
RONGHAU(토이앤토이),2015.0,명령에따른리콜,
한빛시스템,2015.0,명령에따른리콜,
한빛시스템,2015.0,명령에따른리콜,
브레인스포츠,2015.0,명령에따른리콜,
협진티앤디,2015.0,명령에따른리콜,
우인에프씨씨,2015.0,명령에따른리콜,
주현스포츠,2015.0,명령에따른리콜,
HENGSHUNUMBRELLALTD.(아트박스),2015.0,명령에따른리콜,
hengcheng(홍승무역),2015.0,명령에따른리콜,
브라이트,2015.0,명령에따른리콜,
"YIWUCITYLITTLEANGELTOYSCO.,LTD.(플레이위즈)",2015.0,명령에따른리콜,
SHENZHENJIALIANRUN(랩),2015.0,명령에따른리콜,
야벳,2015.0,명령에따른리콜,
K3037,2015.0,명령에따른리콜,
루미앤,2015.0,자발적리콜,
화예엘이디,2015.0,자발적리콜,
세영G.M,2015.0,자발적리콜,
세영G.M,2015.0,자발적리콜,
세영G.M,2015.0,자발적리콜,
세영G.M,2015.0,자발적리콜,
세영G.M,2015.0,자발적리콜,
아리움,2015.0,자발적리콜,
제경조명,2015.0,자발적리콜,
제경조명,2015.0,자발적리콜,
JAGFOOTWEAR,2015.0,명령에따른리콜,
SG세계물산,2015.0,명령에따른리콜,
SG세계물산,2015.0,명령에따른리콜,
SG세계물산,2014.0,자발적리콜,
주영,2015.0,명령에따른리콜,
크레송,2015.0,명령에따른리콜,
망고코리아,2015.0,명령에따른리콜,
한남사,2015.0,명령에따른리콜,
엘칸토,2015.0,명령에따른리콜,
우성I&C,2015.0,명령에따른리콜,
탠디,2015.0,명령에따른리콜,
제미앤에프,2015.0,명령에따른리콜,
대건산업,2015.0,명령에따른리콜,
성주디앤디,2015.0,명령에따른리콜,
대성산업,2015.0,명령에따른리콜,
대성산업,2015.0,명령에따른리콜,
대성산업,2015.0,명령에따른리콜,
금성화학,2015.0,명령에따른리콜,
금성화학,2015.0,명령에따른리콜,
금성화학,2015.0,명령에따른리콜,
금성화학,2015.0,명령에따른리콜,
금성화학,2015.0,명령에따른리콜,
금강,2015.0,명령에따른리콜,
금강,2015.0,명령에따른리콜,
금강,2015.0,명령에따른리콜,
금강,2015.0,명령에따른리콜,
금강,2015.0,명령에따른리콜,
세진알미늄,2015.0,명령에따른리콜,
금오,2015.0,명령에따른리콜,
금오,2015.0,명령에따른리콜,
킴스트레이딩,2015.0,자발적리콜,
코엠아이에스이,2015.0,자발적리콜,
핀다코리아,2015.0,명령에따른리콜,
니즈,2015.0,명령에따른리콜,
한테크,2015.0,명령에따른리콜,
에스티엔케이,2015.0,명령에따른리콜,
에바코,2015.0,명령에따른리콜,
Mooko,2015.0,명령에따른리콜,
Seven-Korea,2015.0,명령에따른리콜,
에코,2015.0,명령에따른리콜,
제이에스컴퍼니,2015.0,명령에따른리콜,
헬로,2015.0,명령에따른리콜,
SMI,2015.0,명령에따른리콜,
SMI,2014.0,명령에따른리콜,
쁘띠엘원,2015.0,명령에따른리콜,
지에스지엠,2015.0,명령에따른리콜,
카라라마코리아,2015.0,명령에따른리콜,
토이스타,2015.0,명령에따른리콜,
프리매로,2015.0,명령에따른리콜,
한일레인보우,2015.0,명령에따른리콜,
가온에이스,2015.0,명령에따른리콜,
앙상블,2015.0,명령에따른리콜,
이화사,2015.0,명령에따른리콜,
필인터내셔널,2015.0,명령에따른리콜,
비제이어페럴,2015.0,명령에따른리콜,
대원에프앤드씨,2015.0,명령에따른리콜,
제로투세븐,2015.0,명령에따른리콜,
KS덕수,2015.0,명령에따른리콜,
S.H무역,2015.0,명령에따른리콜,
펜코무역,2015.0,명령에따른리콜,
광성산업,2015.0,명령에따른리콜,
광성산업,2015.0,명령에따른리콜,
스포키,2015.0,자발적리콜,
케이엠라이팅,2015.0,명령에따른리콜,
고려물산,2015.0,명령에따른리콜,
CDN라이팅,2015.0,명령에따른리콜,
에스엠비,2015.0,명령에따른리콜,
에스엠비,2015.0,명령에따른리콜,
파크몰,2015.0,명령에따른리콜,
성화전자,2015.0,명령에따른리콜,
아세아전기,2015.0,명령에따른리콜,
아세아전기,2015.0,명령에따른리콜,
아세아전기,2015.0,명령에따른리콜,
위지아이,2015.0,명령에따른리콜,
종로조명,2015.0,명령에따른리콜,
닛시라이텍,2015.0,명령에따른리콜,
에이치에스엘이디라이팅,2015.0,명령에따른리콜,
수연라이팅,2015.0,명령에따른리콜,
희테크,2015.0,명령에따른리콜,
한자원,2015.0,명령에따른리콜,
정우레포츠,2015.0,자발적리콜,
재준상사(아이윌팬시),2015.0,명령에따른리콜,
한멋코퍼레이션,2015.0,명령에따른리콜,
성광교역,2015.0,명령에따른리콜,
오로라상사,2015.0,명령에따른리콜,
재준상사(아이월팬시),2015.0,명령에따른리콜,
서울완구,2015.0,명령에따른리콜,
서울완구,2014.0,명령에따른리콜,
원화실업(엠키즈),2015.0,명령에따른리콜,
원화실업(엠키즈),2015.0,명령에따른리콜,
원화실업(엠키즈),2015.0,명령에따른리콜,
크래프트디자인,2015.0,명령에따른리콜,
K7017,2015.0,명령에따른리콜,
바른손,2015.0,명령에따른리콜,
로보로보,2015.0,자발적리콜,
케이엔아이,2015.0,자발적리콜,
아이플러스,2015.0,자발적리콜,
우드라인(대흥무역),2015.0,자발적리콜,
온정바이오테크,2015.0,명령에따른리콜,
ShenzhenBorasenTechnologyPowerDevelopment(대동하이브리드코리아,2015.0,명령에따른리콜,
"W&TELECTRONICSCO.,LTD.(라이트컴)",2015.0,명령에따른리콜,
ShenzhenBorasenTechnologyPowerDevelopment(명성),2015.0,명령에따른리콜,
ShenzhenBorasenTechnologyPowerDevelopment(셀코리아),2015.0,명령에따른리콜,
YongxiangElectronicFactory(텔스컴),2015.0,명령에따른리콜,
"DongGuanMLFTECH.CO.,LTD(탑이샵)",2015.0,명령에따른리콜,
DongyangCityHuadongMagnetSteelFactory,2015.0,명령에따른리콜,
자애메디칼,2015.0,명령에따른리콜,
세모에스엘,2015.0,명령에따른리콜,
일광,2015.0,명령에따른리콜,
맥스피컴퍼니,2015.0,명령에따른리콜,
맥스피컴퍼니,2015.0,명령에따른리콜,
YD블라인드,2015.0,명령에따른리콜,
GLORYBRIGHTENTERPRISELTD(한일맨파워),2015.0,명령에따른리콜,
GLORYBRIGHTENTERPRISELTD(한일맨파워),2015.0,명령에따른리콜,
TOYVENTURE(보라매완구),2015.0,명령에따른리콜,
TOYVENTURE(보라매완구),2015.0,명령에따른리콜,
주주컴퍼니,2015.0,명령에따른리콜,
주주컴퍼니,2015.0,명령에따른리콜,
ParagonChildProducts(파파야9),2015.0,명령에따른리콜,
ParagonChildProducts(파파야9),2015.0,명령에따른리콜,
LEYUTOYS(반디),2015.0,명령에따른리콜,
LEYUTOYS(반디),2015.0,명령에따른리콜,
CARBOSCHAUTOACCESSORIES(SM한울),2015.0,명령에따른리콜,
CARBOSCHAUTOACCESSORIES(SM한울),2015.0,명령에따른리콜,
VIP,2015.0,명령에따른리콜,
VIP,2015.0,명령에따른리콜,
티앤알,2015.0,명령에따른리콜,
티앤알,2015.0,명령에따른리콜,
뉴마르쉐,2015.0,명령에따른리콜,
뉴마르쉐,2015.0,명령에따른리콜,
자이트게버,2015.0,명령에따른리콜,
자이트게버,2015.0,명령에따른리콜,
S.J,2015.0,명령에따른리콜,
S컴퍼니,2015.0,명령에따른리콜,
대진산업(괴산지점),2015.0,명령에따른리콜,
대진산업(괴산지점),2015.0,명령에따른리콜,
대명전자,2015.0,명령에따른리콜,
와이디브라인드,2015.0,명령에따른리콜,
케이에프티오성,2015.0,명령에따른리콜,
메리노전자,2014.0,명령에따른리콜,
덕창전자,2014.0,명령에따른리콜,
덕창전자,2014.0,명령에따른리콜,
덕창전자,2013.0,자발적리콜,
삼풍산업,2014.0,명령에따른리콜,
신우전자산업,2014.0,명령에따른리콜,
제일산업,2014.0,명령에따른리콜,
한일구들장,2014.0,명령에따른리콜,
뉴한일의료기,2014.0,명령에따른리콜,
휴테크산업,2014.0,명령에따른리콜,
쉴드라이프코리아,2014.0,명령에따른리콜,
아이엔테크,2014.0,명령에따른리콜,
비비랜드,2014.0,자발적리콜,
비비랜드,2013.0,명령에따른리콜,
비비랜드,2013.0,명령에따른리콜,
대유위니아,2014.0,자발적리콜,
에몬스가구,2014.0,자발적리콜,
오티케이씨앤티,2014.0,자발적리콜,
도시바디지털미디어네트워크코리아,2014.0,자발적리콜,
코스앤모스씨엠에스,2014.0,자발적리콜,
에셈컴퍼니,2014.0,자발적리콜,
(유)한국휴렛팩커드,2014.0,자발적리콜,
아이큐스포츠,2014.0,명령에따른리콜,
에이텍스,2014.0,자발적리콜,
상모의료산업,2014.0,명령에따른리콜,
진성메디,2014.0,명령에따른리콜,
이오전자,2014.0,명령에따른리콜,
이레그린,2014.0,명령에따른리콜,
씨제이이앤엠,2014.0,자발적리콜,
Lasmac,2014.0,자발적리콜,
LMNOP,2014.0,명령에따른리콜,
DioCemical,2014.0,명령에따른리콜,
다스무역,2014.0,명령에따른리콜,
두루코리아바비,2014.0,명령에따른리콜,
파워컨버전스,2014.0,명령에따른리콜,
팝폰,2014.0,명령에따른리콜,
엘디,2014.0,명령에따른리콜,
삼보전기공업사,2014.0,명령에따른리콜,
"ZhongshanYalingElectricalApplianceCo.,Ltd(하우스키퍼)",2014.0,명령에따른리콜,
"POPPhoneco.,Ltd.(팝폰)",2014.0,명령에따른리콜,
신의(퍼스트어패럴),2014.0,명령에따른리콜,
투도,2014.0,명령에따른리콜,
"ShenzhenEletronicCo.,Ltd.(파워컨버전스)",2014.0,명령에따른리콜,
"Xuan-YeElectronicco.,Ltd(투도)",2014.0,명령에따른리콜,
"ShenzhenJihongdaPowerCo.,Ltd(제이원커머스)",2014.0,명령에따른리콜,
"ShenzhenLianyundaElectronicCo.,Ltd.(다솜코퍼레이션)",2014.0,명령에따른리콜,
"LCPowerElectronicsCo.,Ltd(파워컨버전스)",2014.0,명령에따른리콜,
ShenzhenWulongDlanzichang(코엘),2014.0,명령에따른리콜,
"ShenzhenFuruidaC&tCo.,Ltd(디자인/투도)",2014.0,명령에따른리콜,
"ShenzhenKeyuantaiIndustrialCo.,Ltd(솔로젠)",2014.0,명령에따른리콜,
"ShenzhenKeyuantaiIndustrialCo.,Ltd(이노이스코리아)",2014.0,명령에따른리콜,
"ShenzhenKeyuantaiIndustrialCo.,Ltd(이노이스코리아)",2014.0,명령에따른리콜,
랄프로렌코리아,2014.0,명령에따른리콜,
진승교역,2014.0,명령에따른리콜,
진승교역,2013.0,명령에따른리콜,
모아부,2014.0,명령에따른리콜,
백산엘앤티,2014.0,명령에따른리콜,
머큐리,2014.0,명령에따른리콜,
머큐리,2014.0,명령에따른리콜,
베베원,2014.0,명령에따른리콜,
두보,2014.0,명령에따른리콜,
두보,2014.0,명령에따른리콜,
두보,2014.0,명령에따른리콜,
두보,2014.0,명령에따른리콜,
청림,2014.0,명령에따른리콜,
청림,2014.0,명령에따른리콜,
진호인터내셔날,2014.0,명령에따른리콜,
드림박스,2014.0,명령에따른리콜,
드림박스,2014.0,명령에따른리콜,
드림박스,2014.0,명령에따른리콜,
티지,2014.0,명령에따른리콜,
티지,2014.0,명령에따른리콜,
텍스필,2014.0,명령에따른리콜,
텍스필,2014.0,명령에따른리콜,
텍스필,2014.0,명령에따른리콜,
금보상사(에이치아이무역),2014.0,명령에따른리콜,
웰튠,2014.0,자발적리콜,
코리아상사,2014.0,명령에따른리콜,
아이콤,2014.0,명령에따른리콜,
부일실업,2014.0,명령에따른리콜,
이지슬립,2014.0,명령에따른리콜,
준수,2014.0,명령에따른리콜,
준수,2014.0,명령에따른리콜,
에스피산업,2014.0,명령에따른리콜,
에스피산업,2014.0,명령에따른리콜,
에스피산업,2014.0,명령에따른리콜,
YDC.LIGHTING,2014.0,명령에따른리콜,
아리스인버터,2014.0,명령에따른리콜,
루트조명,2014.0,명령에따른리콜,
뉴프른조명,2014.0,명령에따른리콜,
HKLIGHTING,2014.0,명령에따른리콜,
IOLUXLIGHTING,2014.0,명령에따른리콜,
삼정전기,2014.0,명령에따른리콜,
JiangmenNavigateLighting,2014.0,명령에따른리콜,
신우테크,2014.0,명령에따른리콜,
"SHUYANGATLELECTRONICSCO.,LTD",2014.0,명령에따른리콜,
"CHLIGHTINGCO.,LTD",2014.0,명령에따른리콜,
비타전자,2014.0,명령에따른리콜,
"WujiangHoutLightingElectronicApplianceCo.,Ltd.",2014.0,명령에따른리콜,
"ShanghaiHaneupLightingElectricCo.,Ltd.",2014.0,명령에따른리콜,
신화정밀,2014.0,명령에따른리콜,
데이즈,2014.0,명령에따른리콜,
도담크리에이션,2014.0,명령에따른리콜,
유유,2014.0,명령에따른리콜,
로헨,2014.0,명령에따른리콜,
C&C,2014.0,명령에따른리콜,
뉴아이디어,2014.0,명령에따른리콜,
베스틴,2014.0,명령에따른리콜,
"QINGDAIKAILIJINLEATHERCO.,,LTD",2014.0,명령에따른리콜,
"진호INT'LCO.,LTD",2014.0,명령에따른리콜,
태양무역,2014.0,명령에따른리콜,
태흥기전,2014.0,명령에따른리콜,
니치무역,2014.0,명령에따른리콜,
시몬스,2014.0,자발적리콜,
TWO&ONE(볼케노),2014.0,명령에따른리콜,
WOOJIN,2014.0,명령에따른리콜,
일월,2014.0,명령에따른리콜,
하나의료기?,2014.0,명령에따른리콜,
골든트리니트웨어,2014.0,명령에따른리콜,
보성메디텍,2014.0,명령에따른리콜,
베네통코리아(선우FNC),2014.0,명령에따른리콜,
청인의료기,2014.0,명령에따른리콜,
제일체육공사,2014.0,명령에따른리콜,
비엔지,2014.0,명령에따른리콜,
신이랜드,2014.0,명령에따른리콜,
끄레델,2014.0,명령에따른리콜,
끄레델,2013.0,명령에따른리콜,
뉴한일산업,2014.0,명령에따른리콜,
유로물산,2014.0,자발적리콜,
디코랜드,2014.0,명령에따른리콜,
디코랜드,2013.0,명령에따른리콜,
BLUECP(현우),2013.0,명령에따른리콜,
TOMKID,2013.0,명령에따른리콜,
트윈키즈,2013.0,명령에따른리콜,
에스엠어패럴,2013.0,명령에따른리콜,
크로바월드,2013.0,명령에따른리콜,
우전토이,2013.0,명령에따른리콜,
원토이,2013.0,명령에따른리콜,
조앤,2013.0,명령에따른리콜,
비에스에이치홈어플라이언스,2013.0,자발적리콜,
DAEJIN,2013.0,명령에따른리콜,
새한전자,2013.0,명령에따른리콜,
보원,2013.0,명령에따른리콜,
CixiCityChangheHaotianElectricalApplianceFactory,2013.0,명령에따른리콜,
또래나라,2013.0,명령에따른리콜,
토이리더스,2013.0,명령에따른리콜,
성업상사,2013.0,명령에따른리콜,
중앙금속,2013.0,명령에따른리콜,
"YingkelightingCo.,Ltd.(룸인커머스)",2013.0,명령에따른리콜,
H.ELighting(씨티전기),2013.0,명령에따른리콜,
고려산업(한주물산),2013.0,명령에따른리콜,
B.S.E(글로벌휴먼라이텍),2013.0,명령에따른리콜,
WooreeL/E.,2013.0,명령에따른리콜,
금강전자산업,2013.0,명령에따른리콜,
다와,2013.0,명령에따른리콜,
오에스씨,2013.0,명령에따른리콜,
칠성기연,2013.0,명령에따른리콜,
화인어프라이언스,2013.0,자발적리콜,
효와사랑,2013.0,자발적리콜,
현가방(핑몰),2013.0,명령에따른리콜,
양우실업(엔젤산업),2013.0,명령에따른리콜,
ALPS(타임스포츠),2013.0,명령에따른리콜,
H·DUMBRELLA,2013.0,명령에따른리콜,
H·DUMBRELLA,2013.0,명령에따른리콜,
장미,2013.0,명령에따른리콜,
진경산업,2013.0,명령에따른리콜,
유진양산,2013.0,명령에따른리콜,
)일경훼미리,2013.0,명령에따른리콜,
현후ALF(쿠기),2013.0,명령에따른리콜,
에프앤에프,2013.0,명령에따른리콜,
에프앤에프,2012.0,명령에따른리콜,
지에스왓슨스,2013.0,명령에따른리콜,
국민산업,2013.0,명령에따른리콜,
국민산업,2013.0,명령에따른리콜,
대영산업,2013.0,명령에따른리콜,
다모아,2013.0,명령에따른리콜,
양우실업,2013.0,명령에따른리콜,
핑몰,2013.0,명령에따른리콜,
몽구,2013.0,명령에따른리콜,
"LCPowerElectronicsCo.,Ltd",2013.0,명령에따른리콜,
신광전자,2013.0,명령에따른리콜,
DongguanLeaderElectronicsInc.,2013.0,명령에따른리콜,
베이비클럽,2013.0,명령에따른리콜,
디에스통상,2013.0,명령에따른리콜,
ToyClub,2013.0,명령에따른리콜,
한립토이스,2013.0,명령에따른리콜,
아하토이,2013.0,명령에따른리콜,
도담엠에스,2013.0,명령에따른리콜,
유한상사,2013.0,명령에따른리콜,
가가산업(도라에몽),2013.0,명령에따른리콜,
구원아이컴퍼니,2013.0,명령에따른리콜,
티지엠트렌드,2013.0,명령에따른리콜,
티지엠트렌드,2013.0,명령에따른리콜,
에이씨씨인터내셔날,2013.0,명령에따른리콜,
에브리오,2013.0,명령에따른리콜,
현성어패럴,2013.0,명령에따른리콜,
제이앤케이트레이딩,2013.0,명령에따른리콜,
성복어패럴,2013.0,명령에따른리콜,
ABC어패럴,2013.0,명령에따른리콜,
베네세코리아,2013.0,자발적리콜,
우고무역,2013.0,명령에따른리콜,
형제산업,2013.0,명령에따른리콜,
해피월드,2013.0,명령에따른리콜,
디앤에스무역,2013.0,명령에따른리콜,
디오케미칼,2013.0,명령에따른리콜,
디오케미칼,2013.0,명령에따른리콜,
휴먼토이즈,2013.0,명령에따른리콜,
영우에스앤티,2012.0,명령에따른리콜,
DAWOOLUX,2012.0,명령에따른리콜,
BGF리테일,,,-1.0
BNK금융지주,,,-1.0
CJ,,,-1.0
CJ대한통운,,,-1.0
CJ제일제당,,,-1.0
DB손해보험,,,-1.0
DB하이텍,,,-1.0
DGB금융지주,,,-1.0
DL,,,-1.0
DL이앤씨,,,-1.0
F&F,,,-1.0
GKL,,,-1.0
GS,,,-1.0
GS건설,,,-1.0
GS리테일,,,-1.0
HD한국조선해양,,,-1.0
HD현대,,,-1.0
HD현대인프라코어,,,-1.0
HD현대일렉트릭,,,-1.0
HD현대중공업,,,-1.0
HL만도,,,-1.0
HMM,,,-1.0
JB금융지주,,,-1.0
KB금융,,,-1.0
KCC,,,-1.0
KG모빌리티,,,-1.0
KG스틸,,,-1.0
KT,,,-1.0
KT&G,,,-1.0
LG,,,-1.0
LG디스플레이,,,-1.0
LG생활건강,,,-1.0
LG에너지솔루션,,,-1.0
LG유플러스,,,-1.0
LG이노텍,,,-1.0
LG화학,,,-1.0
LIG넥스원,,,-1.0
LS,,,-1.0
LSELECTRIC,,,-1.0
LX인터내셔널,,,-1.0
NAVER,,,-1.0
NH투자증권,,,-1.0
OCI홀딩스,,,-1.0
PI첨단소재,,,-1.0
POSCO홀딩스,,,-1.0
S-Oil,,,-1.0
SK,,,-1.0
SKC,,,-1.0
SK네트웍스,,,-1.0
SK바이오사이언스,,,-1.0
SK바이오팜,,,-1.0
SK스퀘어,,,-1.0
SK아이이테크놀로지,,,-1.0
SK이노베이션,,,-1.0
SK케미칼,,,-1.0
SK텔레콤,,,-1.0
SK하이닉스,,,-1.0
TCC스틸,,,-1.0
TKG휴켐스,,,-1.0
강원랜드,,,-1.0
고려아연,,,-1.0
금양,,,-1.0
금호석유,,,-1.0
기아,,,-1.0
기업은행,,,-1.0
넷마블,,,-1.0
녹십자,,,-1.0
녹십자홀딩스,,,-1.0
농심,,,-1.0
대상,,,-1.0
대우건설,,,-1.0
대웅,,,-1.0
대웅제약,,,-1.0
대한유화,,,-1.0
대한전선,,,-1.0
대한항공,,,-1.0
더블유게임즈,,,-1.0
덴티움,,,-1.0
동원시스템즈,,,-1.0
두산,,,-1.0
두산밥캣,,,-1.0
두산에너빌리티,,,-1.0
두산퓨얼셀,,,-1.0
롯데관광개발,,,-1.0
롯데쇼핑,,,-1.0
롯데에너지머티리얼즈,,,-1.0
롯데웰푸드,,,-1.0
롯데정밀화학,,,-1.0
롯데지주,,,-1.0
롯데칠성,,,-1.0
롯데케미칼,,,-1.0
메리츠금융지주,,,-1.0
명신산업,,,-1.0
미래에셋증권,,,-1.0
삼성SDI,,,-1.0
삼성바이오로직스,,,-1.0
삼성생명,,,-1.0
삼성에스디에스,,,-1.0
삼성엔지니어링,,,-1.0
삼성전기,,,-1.0
삼성중공업,,,-1.0
삼성증권,,,-1.0
삼성카드,,,-1.0
삼성화재,,,-1.0
삼아알미늄,,,-1.0
삼양식품,,,-1.0
세방전지,,,-1.0
세아베스틸지주,,,-1.0
셀트리온,,,-1.0
신세계,,,-1.0
신풍제약,,,-1.0
신한지주,,,-1.0
쌍용C&E,,,-1.0
씨에스윈드,,,-1.0
아모레G,,,-1.0
아모레퍼시픽,,,-1.0
아시아나항공,,,-1.0
아이에스동서,,,-1.0
에스디바이오센서,,,-1.0
에스엘,,,-1.0
에스원,,,-1.0
에코프로머티,,,-1.0
엔씨소프트,,,-1.0
영원무역,,,-1.0
영원무역홀딩스,,,-1.0
영풍,,,-1.0
오뚜기,,,-1.0
오리온,,,-1.0
오리온홀딩스,,,-1.0
우리금융지주,,,-1.0
유한양행,,,-1.0
율촌화학,,,-1.0
일진하이솔루스,,,-1.0
제일기획,,,-1.0
종근당,,,-1.0
카카오,,,-1.0
카카오뱅크,,,-1.0
카카오페이,,,-1.0
코스맥스,,,-1.0
코스모화학,,,-1.0
코오롱인더,,,-1.0
크래프톤,,,-1.0
키움증권,,,-1.0
팬오션,,,-1.0
포스코DX,,,-1.0
포스코인터내셔널,,,-1.0
포스코퓨처엠,,,-1.0
풍산,,,-1.0
하나금융지주,,,-1.0
하나투어,,,-1.0
하이브,,,-1.0
하이트진로,,,-1.0
한국가스공사,,,-1.0
한국금융지주,,,-1.0
한국앤컴퍼니,,,-1.0
한국전력,,,-1.0
한국콜마,,,-1.0
한국타이어앤테크놀로지,,,-1.0
한국항공우주,,,-1.0
한미사이언스,,,-1.0
한미약품,,,-1.0
한세실업,,,-1.0
한솔케미칼,,,-1.0
한온시스템,,,-1.0
한올바이오파마,,,-1.0
한일시멘트,,,-1.0
한전KPS,,,-1.0
한전기술,,,-1.0
한진칼,,,-1.0
한화,,,-1.0
한화생명,,,-1.0
한화솔루션,,,-1.0
한화시스템,,,-1.0
한화에어로스페이스,,,-1.0
한화오션,,,-1.0
현대건설,,,-1.0
현대글로비스,,,-1.0
현대로템,,,-1.0
현대모비스,,,-1.0
현대미포조선,,,-1.0
현대백화점,,,-1.0
현대엘리베이,,,-1.0
현대위아,,,-1.0
현대제철,,,-1.0
현대차,,,-1.0
현대해상,,,-1.0
호텔신라,,,-1.0
효성첨단소재,,,-1.0
효성티앤씨,,,-1.0
후성,,,-1.0
휠라홀딩스,,,-1.0
